"","ID","CRUCODE","YEAR","MONTH","STA","STRATUM","TOW","VESSEL","EST_EDT","YRMODA","TIME","MINOUT","STARTDEPTH","ENDDEPTH","MINDEPTH","MAXDEPTH","SLAT","SLONG","ELAT","ELONG","TEMPSURF","TEMPBOT","SALSURF","SALBOT","DOSURF","DOBOT","SPP","NUMBER","WEIGHT"
"5840",20222002,20222,2022,4,2,17,15,"SW",2,20220409,728,15,25.01,24.705,24.705,25.01,4004.432,7351.807,4004.419,7350.872,14.571,6.736,0.115,38.32,10.075,9.22,15,6,13.26
"5841",20222003,20222,2022,4,3,17,44,"SW",2,20220409,948,20,23.485,21.96,21.96,23.485,3952.476,7354.005,3951.55,7353.509,7.478,6.564,37.61,38.42,9.85,8.71,15,21,34.56
"5842",20222004,20222,2022,4,4,16,11,"SW",2,20220409,1119,20,16.775,17.08,16.775,17.08,3952.229,7401.277,3951.224,7401.173,8.222,6.979,34.84,37.8,11.38,9.15,15,7,12.36
"5843",20222005,20222,2022,4,5,16,14,"SW",2,20220409,1239,20,12.505,13.115,12.505,13.115,3947.311,7403.41,3946.282,7403.369,8.259,7.101,35.18,37.13,11.67,9.6,15,4,5.53
"5844",20222006,20222,2022,4,6,20,16,"SW",2,20220409,1509,20,23.18,23.485,23.18,23.485,3932.416,7401.598,3932.083,7400.388,8.324,7.059,31.02,37.86,12.36,8.94,15,61,97.35
"5845",20222007,20222,2022,4,7,20,39,"SW",2,20220409,1717,20,20.435,20.13,20.13,20.435,3923.924,7405.878,3922.912,7405.696,NA,7.347,NA,37.47,NA,9.18,15,61,90.18
"5846",20222008,20222,2022,4,8,20,62,"SW",2,20220409,1850,20,24.095,25.315,24.095,25.315,3917.244,7410.112,3916.288,7410.56,8.26,7.27,37.51,38.01,9.74,9.09,15,72,118.08
"5847",20222009,20222,2022,4,9,18,41,"SW",2,20220410,706,20,6.1,6.71,6.1,6.71,3918.979,7428.648,3919.308,7429.582,7.805,NA,37.36,NA,9.1,NA,15,17,23.03
"5848",20222010,20222,2022,4,10,19,52,"SW",2,20220410,846,20,16.165,18.605,16.165,18.605,3911.421,7431.211,3910.502,7431.778,8.68075,7.6735,37.10438,37.75525,9.37438,9.2555,15,2,4.48
"5849",20222011,20222,2022,4,11,18,52,"SW",2,20220410,1023,20,7.625,8.54,7.625,8.54,3914.622,7434.75,3913.83,7435.556,8.1025,8.03988,37.478,37.56756,9.207,9.0189,15,22,34.24
"5850",20222012,20222,2022,4,12,22,6,"SW",2,20220410,1202,20,11.285,12.2,11.285,12.2,3907.306,7440.049,3906.421,7440.602,8.48458,8.13628,37.59605,37.77189,9.31488,9.27811,15,12,15.54
"5851",20222013,20222,2022,4,13,22,12,"SW",2,20220410,1328,20,12.505,13.42,12.505,13.42,3904.277,7442.379,3903.289,7442.457,8.59376,8.28445,37.44172,37.66591,9.15172,9.06182,15,19,35.71
"5852",20222014,20222,2022,4,14,21,8,"SW",2,20220410,1450,20,7.625,7.625,7.625,7.625,3903.447,7443.941,3904.268,7443.229,8.19933,8.2043,37.57267,37.5075,8.99933,8.93,15,5,7.04
"5853",20222015,20222,2022,4,15,21,13,"SW",2,20220410,1618,20,10.37,8.235,8.235,10.37,3859.402,7446.287,3858.705,7447.188,8.73058,8.71696,37.59658,37.62214,9.235,9.15625,15,18,14.47
"5854",20222016,20222,2022,4,16,24,14,"SW",2,20220410,1841,20,10.065,7.015,7.015,10.065,3852.989,7454.585,3853.852,7455.2,9.14705,9.0571,35.534,36.69707,9.261,9.01439,15,21,30.22
"5855",20222017,20222,2022,4,17,24,34,"SW",2,20220411,802,20,11.285,10.675,10.675,11.285,3849.097,7458.476,3849.484,7459.61,8.81245,8.30247,34.63255,37.31117,9.33608,8.98156,15,13,26.51
"5856",20222018,20222,2022,4,18,25,15,"SW",2,20220411,942,20,11.59,NA,11.59,12.2,3849.104,7457.728,3849.636,7456.555,9.2352,8.4077,32.84029,36.73817,9.23657,9.06843,15,14,25.85
"5857",20222019,20222,2022,4,19,25,22,"SW",2,20220411,1055,20,12.81,13.42,12.81,13.42,3845.989,7454.931,3845.446,7453.903,9.45848,8.32261,35.2416,37.42974,9.5144,9.09753,15,10,17.98
"5858",20222020,20222,2022,4,20,25,29,"SW",2,20220411,1207,20,16.165,17.385,16.165,17.385,3843.965,7449.895,3844.898,7449.408,8.75681,8.32649,37.00894,37.42279,9.45447,9.07605,15,52,96.48
"5859",20222021,20222,2022,4,21,26,20,"SW",2,20220411,1339,20,17.995,19.215,17.995,19.215,3841.35,7443.268,3842.143,7442.479,8.61011,8.09077,37.67649,38.02892,9.49561,9.18176,15,51,93.25
"5860",20222022,20222,2022,4,22,26,5,"SW",2,20220411,1501,20,17.08,19.215,17.08,19.215,3848.114,7443.921,3849.891,7443.094,8.73288,8.14715,37.77769,37.90595,9.45677,9.19709,15,21,48.74
"5861",20222023,20222,2022,4,23,23,38,"SW",2,20220411,1655,20,21.655,21.045,21.045,21.655,3851.54,7429.971,3852.543,7429.775,8.11746,7.66113,37.94538,38.15268,9.57923,9.27071,15,121,198.83
"5862",20222024,20222,2022,4,24,22,33,"SW",2,20220411,1842,20,12.81,12.2,12.2,12.81,3900.005,7437.322,3900.885,7436.75,8.58173,8.59049,37.83,37.82469,9.53481,9.34938,15,13,28.52
"5863",20222025,20222,2022,4,25,23,7,"SW",2,20220412,808,20,19.52,19.215,19.215,19.52,3907.298,7429.931,3907.339,7428.659,8.01865,8.002,37.78154,37.78135,9.49038,9.32141,15,86,144.29
"5864",20222026,20222,2022,4,26,23,13,"SW",2,20220412,931,20,17.08,21.655,17.08,21.655,3904.666,7427.742,3904.774,7426.442,7.84445,7.77194,37.73,37.74289,9.49849,9.2494,15,211,297.09
"5865",20222027,20222,2022,4,27,19,31,"SW",2,20220412,1154,20,12.81,16.165,12.81,16.165,3918.512,7420.963,3919.524,7420.824,8.69228,8.26217,37.28837,37.35155,9.44395,9.12082,15,55,75
"5866",20222028,20222,2022,4,28,19,21,"SW",2,20220412,1304,20,14.64,14.03,14.03,14.64,3922.692,7418.155,3923.352,7417.208,8.70058,8.4167,37.1286,37.15583,9.50023,9.0866,15,136,174.12
"5867",20222029,20222,2022,4,29,18,5,"SW",2,20220413,817,20,7.93,7.93,7.93,9.15,3930.943,7414.863,3931.826,7414.325,9.32688,8.02482,33.95347,36.70288,11.85493,8.85152,15,13,14.27
"5868",20222030,20222,2022,4,30,15,30,"SW",2,20220413,959,28,9.455,7.93,7.93,9.455,3939.068,7409.335,3939.942,7408.676,9.31805,7.49474,33.3102,37.06375,12.72153,8.55265,15,1,1.44
"5869",20222031,20222,2022,4,31,15,26,"SW",2,20220413,1124,20,7.625,7.625,7.625,8.235,3943.153,7406.811,3944.021,7406.147,10.09193,7.54843,32.92418,36.76748,11.97746,9.21171,15,3,3.54
"5870",20222032,20222,2022,4,32,16,10,"SW",2,20220413,1300,20,16.165,16.775,16.165,16.775,3950.624,7402.899,3951.648,7402.775,9.745,7.06434,33.57476,37.6116,11.57979,8.77992,15,13,19.85
"5871",20222033,20222,2022,4,33,15,11,"SW",2,20220413,1427,20,8.845,8.235,8.235,8.845,3958.179,7403.533,3959.123,7403.324,10.257,7.00733,34.81409,37.61036,10.69278,8.69636,15,11,18.62
"5872",20222034,20222,2022,4,34,17,16,"SW",2,20220413,1559,20,18.91,21.96,18.91,21.96,4001.425,7401.141,4002.403,7400.872,10.35566,6.94161,32.61093,37.91861,13.01938,9.23,15,12,13.69
"5873",20222035,20222,2022,4,35,14,17,"SW",2,20220413,1813,20,21.35,23.79,21.35,23.79,4013.024,7351.487,4013.199,7350.18,9.65172,6.92822,31.58458,38.44311,12.67969,9.08089,15,18,35.12
"5874",20222036,20222,2022,4,36,12,21,"SW",2,20220414,812,17,8.845,10.675,8.845,10.675,4017.39,7358.391,4018.793,7358.246,7.83914,7.04254,33.90457,38.01471,9.436,8.50956,15,9,15.94
"5875",20222037,20222,2022,4,37,13,9,"SW",2,20220414,945,19,17.995,19.52,17.995,19.52,4017.568,7356.095,4018.512,7356.042,8.13702,6.91442,34.40093,38.62535,10.23352,8.61116,15,53,101.56
"5876",20222038,20222,2022,4,38,13,8,"SW",2,20220414,1226,19,16.47,14.335,14.335,16.47,4021.825,7355.502,4022.692,7355.306,8.67981,6.7995,33.79833,38.56063,10.37238,8.42031,15,28,51.53
"5877",20222040,20222,2022,4,40,12,10,"SW",2,20220414,1432,20,5.49,6.71,5.49,7.625,4025.959,7357.631,4026.858,7357.235,NA,NA,NA,NA,NA,NA,15,1,1.77
"5878",20222041,20222,2022,4,41,14,15,"SW",2,20220414,1703,20,19.215,19.825,19.215,19.825,4014.472,7355.405,4013.511,7355.108,NA,NA,NA,NA,NA,NA,15,145,237.18
"5879",20223042,20223,2022,6,42,17,16,"SW",2,20220602,727,20,19.825,18.91,18.91,19.825,4002.582,7400.742,4001.5,7409.9,17.68327,9.86409,28.52127,33.12162,8.82655,6.31568,15,0,0
"5880",20223043,20223,2022,6,43,16,10,"SW",2,20220602,915,20,17.69,16.775,16.775,17.69,3951.82,7402.719,3950.81,7402.837,17.50318,9.95204,30.07025,32.94336,8.86525,6.82018,15,10,5.57
"5881",20223044,20223,2022,6,44,16,13,"SW",2,20220602,1101,20,18.3,17.08,17.08,18.3,3950.054,7400.359,3949.365,7401.3,17.30954,9.94036,31.13816,32.96617,8.42776,6.78654,15,3,2.9
"5882",20223045,20223,2022,6,45,15,23,"SW",2,20220602,1232,20,6.405,8.845,6.405,8.845,3949.346,7404.818,3947.391,7404.881,18.253,16.93627,30.36829,31.11121,8.93829,8.02485,15,0,0
"5883",20223046,20223,2022,6,46,15,25,"SW",2,20220602,1443,20,7.625,8.235,7.625,9.15,3944.106,7406.164,3943.228,7406.747,18.19217,15.6961,31.44897,31.92638,8.16966,8.04783,15,20,1.97
"5884",20223047,20223,2022,6,47,17,66,"SW",2,20220602,1649,20,24.705,24.705,24.705,24.705,3941.861,7354.393,3940.873,7354.321,18.39661,9.81043,31.9061,33.57303,8.74293,8.38553,15,4,7.65
"5885",20223048,20223,2022,6,48,20,9,"SW",2,20220602,1833,20,21.045,22.265,21.045,22.265,3934.921,7402.046,3933.987,7401.589,19.09612,10.18944,31.5132,33.17128,8.5188,7.75333,15,1,2.29
"5886",20223049,20223,2022,6,49,19,30,"SW",2,20220603,704,20,10.37,10.98,10.37,10.98,3919.06,7422.866,3918.867,7424.126,18.28547,13.04747,32.39441,32.97534,8.21186,8.01517,15,35,16.5
"5887",20223050,20223,2022,6,50,23,11,"SW",2,20220603,916,20,21.96,23.79,21.96,23.79,3907.364,7421.618,3906.447,7421.141,18.71348,10.25517,32.80488,33.79494,8.45453,8.66349,15,1,0.04
"5888",20223051,20223,2022,6,51,23,2,"SW",2,20220603,1054,20,20.435,19.825,19.825,20.435,3909.9,7426.604,3909.064,7427.258,19.20897,11.01987,32.65614,33.5567,8.32792,8.3117,15,18,28.57
"5889",20223052,20223,2022,6,52,22,18,"SW",2,20220603,1229,20,16.47,14.945,14.945,16.47,3904.615,7431.648,3904.064,7432.716,19.38559,11.25359,32.60759,33.49379,8.32663,7.94233,15,1,0.68
"5890",20223053,20223,2022,6,53,23,45,"SW",2,20220603,1508,20,23.485,22.57,22.57,23.485,3847.346,7430.747,3846.456,7431.396,20.15209,10.47455,32.74723,34.10124,8.22286,8.57587,15,0,0
"5891",20223054,20223,2022,6,54,26,26,"SW",2,20220603,1700,20,21.655,20.74,20.74,21.655,3839.452,7440.737,3840.092,7441.693,19.47192,10.47048,33.29954,34.22469,8.34195,8.46905,15,0,0
"5892",20223055,20223,2022,6,55,25,31,"SW",2,20220603,1814,20,14.945,15.86,14.945,15.86,3843.636,7444.139,3844.43,7444.961,19.19511,12.0118,32.87395,33.9148,8.36341,8.52561,15,0,0
"5893",20223056,20223,2022,6,56,26,4,"SW",2,20220603,1949,20,20.74,18.3,18.3,20.74,3849.811,7444.589,3849.059,7445.445,18.96019,12.70361,32.96736,33.7093,8.37717,8.38632,15,8,9.46
"5894",20223057,20223,2022,6,57,25,15,"SW",2,20220604,743,20,10.065,11.285,10.065,11.285,3848.744,7456.654,3849.217,7457.773,17.98576,17.65514,32.79892,32.95437,8.12135,8.04127,15,0,0
"5895",20223058,20223,2022,6,58,24,18,"SW",2,20220604,1012,20,11.895,10.98,11.895,10.98,3853.742,7502.735,3852.911,7502.075,18.63772,17.87562,31.283,31.76779,7.8415,7.72735,15,0,0
"5896",20223059,20223,2022,6,59,24,34,"SW",2,20220604,1204,20,11.895,11.895,11.895,11.895,3849.632,7459.804,3849.166,7458.745,17.99162,17.84802,32.93207,32.93755,8.25621,8.13939,15,0,0
"5897",20223060,20223,2022,6,60,22,49,"SW",2,20220604,1457,20,19.215,16.775,16.775,19.215,3850.74,7440.498,3851.629,7439.976,19.64531,12.69883,32.87744,33.73723,8.26897,8.30319,15,2,1.9
"5898",20223061,20223,2022,6,61,22,1,"SW",2,20220604,1729,20,11.59,10.675,10.675,11.59,3907.983,7438.895,3908.144,7437.632,19.45759,16.77171,32.76102,32.9159,8.43857,7.97639,15,77,8.08
"5899",20223062,20223,2022,6,62,21,10,"SW",2,20220604,1940,20,7.625,8.235,7.625,8.235,3902.498,7444.9,3901.529,7445.303,19.44584,17.72603,32.65246,32.68292,8.42491,7.72764,15,0,0
"5900",20223063,20223,2022,6,63,25,4,"SW",2,20220605,724,20,11.59,13.42,11.59,13.42,3852.882,7449.375,3853.202,7448.232,18.39323,17.45653,32.68548,32.71233,8.17387,8.10717,15,0,0
"5901",20223064,20223,2022,6,64,21,1,"SW",2,20220606,828,20,6.1,NA,NA,NA,3908.232,7440.87,3909.061,7440.117,18.98719,18.81488,32.52,32.52973,7.97531,7.76986,15,0,0
"5902",20223065,20223,2022,6,65,18,54,"SW",2,20220606,957,20,9.15,9.455,9.15,9.455,3910.31,7439.476,3911.09,7438.74,19.54062,19.01477,32.23531,32.45214,8.00281,7.5275,15,0,0
"5903",20223066,20223,2022,6,66,19,53,"SW",2,20220606,1143,20,17.69,16.775,16.775,17.69,3911.115,7429.844,3912.117,7429.59,18.38167,NA,NA,NA,10.09667,NA,15,1,0.46
"5904",20223067,20223,2022,6,67,20,53,"SW",2,20220606,1409,20,19.825,21.96,19.825,21.96,3918.308,7412.275,3919.308,7412.248,18.59012,10.67746,32.65094,33.36592,8.44562,8.26447,15,1,1.72
"5905",20223068,20223,2022,6,68,20,48,"SW",2,20220606,1535,20,24.095,20.74,20.74,24.095,3921.096,7404.91,3922.082,7405.06,19.07442,10.29006,33.02726,33.74149,8.52468,8.72,15,1,1.29
"5906",20223069,20223,2022,6,69,18,25,"SW",2,20220606,1745,20,7.625,8.54,7.625,8.54,3923.171,7420.005,3922.472,7420.912,19.23905,17.7862,31.08513,31.37614,8.81103,8.42535,15,0,0
"5907",20223070,20223,2022,6,70,18,1,"SW",2,20220607,901,20,7.93,7.625,7.625,7.93,3936.405,7411.682,3937.296,7411.062,17.97885,17.49054,31.1,31.1424,8.01268,7.95042,15,0,0
"5908",20223071,20223,2022,6,71,19,4,"SW",2,20220607,1103,20,16.47,17.69,16.47,17.69,3936.166,7405.307,3937.069,7404.77,18.86389,10.16168,31.406,33.07467,8.49229,6.9385,15,0,0
"5909",20223072,20223,2022,6,72,17,46,"SW",2,20220607,1400,20,25.01,26.23,25.01,26.23,3950.32,7349.414,3951.322,7349.442,18.60422,9.85099,32.01927,33.39907,8.54732,7.71897,15,0,0
"5910",20223073,20223,2022,6,73,15,6,"SW",2,20220607,1704,16,NA,8.845,NA,NA,4004.592,7402.107,4005.612,7401.896,15.3521,12.62989,32.16071,32.63036,7.42333,6.56661,15,62,27.91
"5911",20223074,20223,2022,6,74,16,3,"SW",2,20220607,1904,17,17.69,16.775,16.775,17.69,4005.287,7400.625,4006.12,7400.646,16.59391,10.7352,31.99,33.2515,8.15767,7.00375,15,26,14.38
"5912",20223075,20223,2022,6,75,14,20,"SW",2,20220608,723,20,21.045,18.3,15.86,21.35,4010.912,7353.846,4011.89,7353.708,16.17235,10.30309,31.87778,33.30009,8.02037,7.30404,15,3,4.16
"5913",20223076,20223,2022,6,76,13,13,"SW",2,20220608,901,20,13.42,16.775,13.42,16.775,4013.387,7358.585,4014.279,7358.07,13.86551,11.87767,32.54622,32.93321,6.70865,7.01756,15,60,40.98
"5914",20223077,20223,2022,6,77,14,8,"SW",2,20220610,837,20,24.095,23.18,19.825,24.095,4019.811,7351.718,4020.78,7351.774,18.59211,9.86423,31.28679,33.30551,8.40286,7.78768,15,0,0
"5915",20223078,20223,2022,6,78,12,16,"SW",2,20220610,1046,15,7.625,7.93,7.625,7.93,4022.573,7357.956,4023.306,7357.878,19.05255,14.3453,29.06046,32.4224,8.67769,6.86896,15,0,0
"5916",20223079,20223,2022,6,79,12,2,"SW",2,20220610,1227,20,6.71,5.49,5.49,6.71,4028.388,7358.499,NA,NA,20.37547,17.35743,25.85638,29.29031,8.77298,7.37138,15,0,0
"5917",20223080,20223,2022,6,80,13,1,"SW",2,20220610,1438,20,19.825,18.605,18.605,19.825,4027.012,7354.747,4027.965,7354.995,20.14756,10.69723,27.342,33.19011,9.21071,7.66807,15,28,56.92
"5918",20224081,20224,2022,8,81,17,14,"SW",2,20220823,732,20,22.265,22.57,22.265,22.57,4003.103,7352.739,4002.107,7352.556,23.72821,12.05843,32.46596,33.23025,7.59712,6.82405,15,0,0
"5919",20224082,20224,2022,8,82,17,23,"SW",2,20220823,932,20,19.215,19.825,19.215,19.825,3959.452,7358.421,3958.461,7358.684,23.2856,14.07337,32.34778,33.03813,8.75289,4.84642,15,0,0
"5920",20224083,20224,2022,8,83,16,12,"SW",2,20220823,1152,20,14.335,14.03,14.03,14.335,3949.679,7407.949,3948.665,7403.093,23.38151,17.73319,32.07266,32.70029,8.99826,4.24058,15,1,0.31
"5921",20224084,20224,2022,8,84,17,55,"SW",2,20220823,1343,20,20.74,NA,NA,NA,3946.468,7356.964,3945.524,7357.485,24.45496,12.36697,32.35585,33.13393,7.55561,6.26308,15,0,0
"5922",20224085,20224,2022,8,85,16,21,"SW",2,20220823,1612,20,16.165,14.945,14.945,16.165,3943.05,7401.652,3942.215,7402.332,24.34307,16.42844,31.80947,32.82118,9.6704,4.515,15,0,0
"5923",20224086,20224,2022,8,86,20,32,"SW",2,20220823,1910,20,22.57,23.485,22.57,23.485,3927.184,7402.753,3926.229,7403.217,24.27497,13.45104,32.68671,32.9852,7.5789,5.5088,15,2,0.3
"5924",20224087,20224,2022,8,87,18,39,"SW",2,20220824,701,20,6.71,7.625,6.71,9.455,3920.076,7423.98,3919.824,7425.176,24.02132,20.10538,32.73693,32.90394,6.80376,4.88667,15,6,1.04
"5925",20224088,20224,2022,8,88,19,48,"SW",2,20220824,1036,20,17.385,16.165,13.42,17.385,3914.383,7420.125,3913.367,7420.093,24.4451,15.12553,32.74405,33.12659,7.34762,6.18295,15,0,0
"5926",20224089,20224,2022,8,89,23,4,"SW",2,20220824,1239,20,19.52,20.74,19.52,20.74,3909.309,7423.714,3908.331,7423.776,24.86861,13.81512,33.16033,33.26558,6.80922,6.68574,15,0,0
"5927",20224090,20224,2022,8,90,23,28,"SW",2,20220824,1442,20,21.35,24.705,21.35,24.705,3856.892,7425.805,3855.898,7425.813,24.43538,13.38149,33.2641,33.44066,6.89051,6.79639,15,0,0
"5928",20224091,20224,2022,8,91,23,33,"SW",2,20220824,1619,20,20.74,18.91,18.91,20.74,3855.213,7428.993,3854.245,7429.36,24.80485,14.06949,33.34851,33.49073,6.94896,6.7174,15,0,0
"5929",20224092,20224,2022,8,92,22,42,"SW",2,20220824,1800,20,13.115,13.725,13.115,13.725,3856.77,7435.005,3855.778,7435.191,24.80202,19.5715,33.31012,33.24804,6.92,6.81656,15,0,0
"5930",20224093,20224,2022,8,93,25,5,"SW",2,20220825,728,20,9.455,9.76,9.455,9.76,3850.339,7454.365,3850.299,7455.634,21.40748,20.87409,33.14602,33.20253,7.09795,6.88011,15,0,0
"5931",20224094,20224,2022,8,94,24,34,"SW",2,20220825,907,20,11.59,11.895,9.76,11.895,3849.577,7459.906,3849.15,7458.747,21.40847,21.3962,33.25,33.23292,7.10092,6.96333,15,0,0
"5932",20224095,20224,2022,8,95,26,8,"SW",2,20220825,1135,20,20.13,21.35,20.13,21.35,3846.587,7457.937,3845.882,7457.052,20.96248,16.785,33.23621,33.60066,7.13485,6.30478,15,0,0
"5933",20224096,20224,2022,8,96,25,33,"SW",2,20220825,1334,20,15.555,13.42,13.42,15.555,3842.037,7451.185,3841.321,7450.313,22.88379,17.17655,32.52641,33.59963,7.31128,6.70134,15,0,0
"5934",20224097,20224,2022,8,97,26,32,"SW",2,20220825,1553,20,20.435,19.825,19.825,20.435,3832.183,7439.7,3831.784,7438.533,26.25966,13.04548,33.25672,33.70622,6.86234,7.33561,15,0,0
"5935",20224098,20224,2022,8,98,25,30,"SW",2,20220825,1814,20,14.64,15.86,14.64,15.86,3844.847,7446.53,3844.767,7447.839,24.87842,17.04957,33.11113,33.45973,7.03434,6.74459,15,0,0
"5936",20224099,20224,2022,8,99,22,4,"SW",2,20220826,709,20,10.37,8.845,8.845,10.37,3854.983,7454.909,3855.253,7453.703,21.94423,21.93476,32.93,32.92809,6.54721,6.50034,15,0,0
"5937",20224100,20224,2022,8,100,21,16,"SW",2,20220826,917,20,7.93,8.54,7.93,8.54,3857.849,7448.514,3858.466,7447.465,22.28013,20.8238,32.95158,33.06145,6.83105,6.16745,15,0,0
"5938",20224101,20224,2022,8,101,26,6,"SW",2,20220826,1138,20,12.505,10.675,10.675,12.505,3906.031,7440.792,3906.958,7440.282,23.36954,20.47593,32.88154,33.02889,7.42205,5.12156,15,15,2.67
"5939",20224102,20224,2022,8,102,22,10,"SW",2,20220826,1525,20,14.64,15.25,14.64,15.25,3906.424,7433.998,3907.411,7433.986,24.291,19.15179,32.838,33.28246,7.4,6.58088,15,0,0
"5940",20224103,20224,2022,8,103,21,5,"SW",2,20220826,1717,20,7.93,6.71,6.71,7.93,3906.725,7441.137,3907.625,7440.788,22.3584,20.43423,33.05291,33.06678,6.72945,5.10557,15,2,0.32
"5941",20224104,20224,2022,8,104,18,33,"SW",2,20220827,645,20,6.1,6.1,5.49,6.1,3920.359,7424.241,3920.027,7425.44,22.42946,19.8931,32.75659,32.86037,6.2722,6.456,15,1,0.14
"5942",20224105,20224,2022,8,105,19,51,"SW",2,20220827,933,20,14.945,16.47,14.945,16.47,3912.501,7432.004,3911.516,7431.941,22.76987,14.73275,32.97705,33.18058,7.30443,6.52203,15,0,0
"5943",20224106,20224,2022,8,106,20,60,"SW",2,20220827,1149,20,17.69,17.385,17.385,17.69,3917.114,7416.176,3917.221,7414.886,24.96428,13.97836,32.95419,33.17,6.96186,6.47051,15,0,0
"5944",20224107,20224,2022,8,107,20,57,"SW",2,20220827,1357,20,24.4,22.57,22.57,24.4,3918.474,7404.471,3919.447,7404.45,25.27189,11.91937,32.94886,33.44449,6.98159,7.10876,15,3,0.4
"5945",20224108,20224,2022,8,108,19,23,"SW",2,20220827,1542,20,15.86,14.335,14.335,15.86,3923.307,7413.589,3924.213,7413.921,24.6628,15.4797,32.79981,33.00969,7.35,6.53271,15,0,0
"5946",20224109,20224,2022,8,109,18,2,"SW",2,20220828,824,20,7.32,7.015,7.015,7.32,3935.408,7412.284,3936.086,7411.325,22.89634,20.72285,32.36131,32.6464,6.28,4.15013,15,0,0
"5947",20224110,20224,2022,8,110,15,25,"SW",2,20220828,1018,15,9.15,8.235,8.235,9.15,3943.26,7406.618,3943.926,7406.248,23.01665,18.82177,32.41841,32.8838,6.50696,3.39699,15,0,0
"5948",20224111,20224,2022,8,111,16,14,"SW",2,20220828,1325,20,9.455,11.895,9.455,11.895,3945.97,7403.302,3946.977,7403.338,23.94547,18.44614,32.55023,32.93509,8.04114,5.03075,15,0,0
"5949",20224112,20224,2022,8,112,15,19,"SW",2,20220828,1505,20,7.93,7.32,7.32,7.93,3950.039,7404.716,3951.024,7404.677,23.80991,19.89789,32.63182,32.91726,8.31515,4.69916,15,2,0.76
"5950",20224113,20224,2022,8,113,15,7,"SW",2,20220828,1734,20,8.54,8.235,8.235,8.54,4002.305,7402.61,4003.258,7402.444,23.89998,23.80962,32.45418,32.52983,7.76309,7.37224,15,0,0
"5951",20224114,20224,2022,8,114,13,14,"SW",2,20220829,735,20,16.47,17.995,13.725,17.995,4013.852,7357.611,4014.838,7357.605,24.34249,21.30105,32.82082,32.91437,7.14068,4.73547,15,0,0
"5952",20224116,20224,2022,8,116,14,11,"SW",2,20220829,1039,20,21.96,22.57,21.96,25.925,4019.252,7351.648,4018.357,7351.294,24.10163,17.52158,33.03877,33.16019,7.05617,6.36961,15,0,0
"5953",20224117,20224,2022,8,117,14,8,"SW",2,20220829,1234,20,24.4,22.875,22.875,24.4,4019.891,7351.762,4020.872,7351.8,24.36255,17.65258,31.12639,33.20424,7.85655,6.29294,15,2,0.22
"5954",20224118,20224,2022,8,118,12,16,"SW",2,20220829,1520,19,7.32,NA,NA,NA,4022.624,7357.936,4023.533,7357.88,24.59826,23.6259,30.85162,31.52901,8.33459,6.54123,15,0,0
"5955",20224119,20224,2022,8,119,13,2,"SW",2,20220829,1640,20,17.995,16.775,16.775,17.995,4027.278,7354.812,4029.249,7355.142,24.73088,22.76059,31.0695,32.2632,8.25475,6.1995,15,3,0.38
"5956",20224120,20224,2022,8,120,12,2,"SW",2,20220830,914,20,6.405,7.015,6.405,7.015,4028.241,7358.218,4027.574,7357.29,24.27711,23.93217,30.6832,31.0475,6.4476,6.35341,15,0,0
"5957",20225121,20225,2022,10,121,16,3,"SW",2,20221015,831,20,15.86,17.69,15.86,17.69,4006.283,7400.661,4005.271,7400.62,17.328,17.51311,33.41489,33.67078,7.95809,7.089,15,0,0
"5958",20225122,20225,2022,10,122,17,19,"SW",2,20221015,1033,20,22.57,22.875,22.265,22.875,4001.019,7355.124,4000.085,7354.651,17.74114,17.61927,33.70961,33.77867,8.05216,7.29156,15,0,0
"5959",20225123,20225,2022,10,123,17,58,"SW",2,20221015,1247,20,24.705,24.095,24.095,24.705,3947.006,7351.883,3945.988,7351.512,18.09706,17.82573,33.95,33.94887,7.9517,7.61387,15,0,0
"5960",20225124,20225,2022,10,124,20,28,"SW",2,20221015,1539,20,27.45,28.365,27.45,29.585,3928.007,7353.951,3927.674,7352.727,18.05489,17.72513,34.22739,34.2035,7.94565,7.49483,15,1,0.18
"5961",20225125,20225,2022,10,125,20,48,"SW",2,20221015,1745,20,20.74,23.18,20.74,23.18,3922.238,7405.209,3921.293,7404.804,17.83719,17.63569,33.86,33.83231,8.09708,7.78564,15,0,0
"5962",20225126,20225,2022,10,126,19,42,"SW",2,20221016,808,20,14.64,14.64,14.64,15.86,3914.274,7431.658,3913.821,7432.767,17.32967,17.37054,33.16644,33.15127,7.64733,7.57825,15,0,0
"5963",20225127,20225,2022,10,127,22,25,"SW",2,20221016,1020,20,18.605,10.98,10.98,19.825,3901.992,7433.596,3901.037,7433.185,17.78856,17.78068,33.54,33.51519,7.82778,7.76852,15,0,0
"5964",20225128,20225,2022,10,128,23,18,"SW",2,20221016,1213,20,25.62,21.96,21.655,26.535,3901.159,7424.69,3906.358,7425.497,17.86836,17.85758,33.94,34.03967,7.90893,7.50091,15,0,0
"5965",20225129,20225,2022,10,129,23,44,"SW",2,20221016,1413,20,22.57,17.995,17.995,22.57,3848.792,7427.402,3847.835,7427.876,17.95898,17.70856,33.87524,34.19921,7.82595,7.49413,15,0,0
"5966",20225130,20225,2022,10,130,26,12,"SW",2,20221016,1549,20,25.925,26.23,25.925,26.535,3846.384,7438.04,3846.354,7440.218,18.14097,17.94622,34.03375,34.11573,7.88656,7.23598,15,0,0
"5967",20225131,20225,2022,10,131,25,25,"SW",2,20221016,1711,20,13.725,14.03,13.115,14.03,3845.58,7446.33,3844.902,7447.289,17.99862,18.00264,33.49,33.89539,8.25831,7.52318,15,0,0
"5968",20225132,20225,2022,10,132,26,27,"SW",2,20221017,950,20,18.605,17.385,17.385,18.91,3837.326,7445.148,3837.656,7443.968,18.0204,18.02304,33.99952,33.99222,7.86,7.77852,15,0,0
"5969",20225133,20225,2022,10,133,25,17,"SW",2,20221017,1228,20,13.725,13.42,13.42,13.725,3848.792,7453.545,3849.135,7452.369,17.33951,17.3775,32.39354,32.48048,7.52123,7.41952,15,0,0
"5970",20225134,20225,2022,10,134,24,31,"SW",2,20221017,1432,20,8.235,9.15,7.93,9.15,3851.623,7456.13,3851.413,7454.867,17.55781,17.54647,32.88493,32.9167,7.52716,7.55734,15,0,0
"5971",20225135,20225,2022,10,135,24,9,"SW",2,20221017,1559,20,7.015,9.76,7.015,9.76,3853.748,7455.244,3852.847,7454.632,17.53346,17.47294,32.72988,32.74143,7.68763,7.5375,15,0,0
"5972",20225136,20225,2022,10,136,21,14,"SW",2,20221018,735,20,6.71,7.93,6.71,7.93,3858.055,7448.292,3858.647,7447.275,17.25232,17.23736,32.98,32.9877,7.59234,7.5962,15,0,0
"5973",20225137,20225,2022,10,137,22,40,"SW",2,20221018,938,20,13.42,10.37,10.37,13.42,3855.687,7440.101,3856.671,7440.115,17.48078,17.51646,33.40506,33.4,7.5943,7.55299,15,0,0
"5974",20225138,20225,2022,10,138,21,1,"SW",2,20221018,1150,20,7.015,7.32,6.71,7.32,3908.448,7440.64,3909.516,7439.604,17.11809,17.12717,33.34,33.37643,7.71732,7.62875,15,0,0
"5975",20225139,20225,2022,10,139,18,51,"SW",2,20221018,1352,20,8.235,8.845,8.235,8.845,3912.197,7437.654,3913.015,7436.909,17.19936,17.12991,33.19,33.21028,7.83347,7.63698,15,0,0
"5976",20225140,20225,2022,10,140,18,5,"SW",2,20221019,857,20,7.32,8.845,7.015,8.845,3931.265,7414.651,3932.168,7414.183,16.57068,16.55897,33.20691,33.20923,7.21588,7.31319,15,19,26.72
"5977",20225141,20225,2022,10,141,19,2,"SW",2,20221019,1113,20,14.64,15.25,14.64,15.25,3936.391,7408.914,3937.146,7408.057,16.92815,16.93181,33.32037,33.30965,7.43765,7.38541,15,0,0
"5978",20225142,20225,2022,10,142,15,32,"SW",2,20221019,1231,20,8.54,9.15,8.235,9.15,3938.374,7410.154,3937.541,7410.848,16.78084,16.45566,33.19297,33.15893,7.23561,7.51603,15,49,69
"5979",20225143,20225,2022,10,143,16,25,"SW",2,20221019,1431,20,16.775,15.86,15.86,16.775,3938.706,7404.205,3909.533,7403.52,16.96478,16.95826,33.37613,33.35184,7.77301,7.66768,15,0,0
"5980",20225144,20225,2022,10,144,14,19,"SW",2,20221020,749,20,17.995,21.045,17.995,21.045,4011.162,7354.688,4012.143,7354.468,16.69286,16.71728,33.50078,33.4801,7.8049,7.8039,15,170,227.69
"5981",20225145,20225,2022,10,145,14,9,"SW",2,20221020,914,20,19.825,19.52,19.52,21.045,4018.086,7354.203,4019.072,7354.37,16.37253,17.43832,33.18167,33.87235,8.1,7.22776,15,134,193.98
"5982",20225146,20225,2022,10,146,13,3,"SW",2,20221020,1041,20,16.47,12.2,12.2,17.385,4025.038,7356.485,4026.023,7356.532,17.14664,17.161,33.58062,33.57212,6.63375,6.66407,15,126,182.09
"5983",20225147,20225,2022,10,147,12,10,"SW",2,20221020,1233,20,5.795,4.88,4.88,5.795,4025.648,7357.71,4026.562,7358.136,16.83272,16.8201,33.45,33.44956,6.33593,6.48956,15,154,225.23
"5984",20225149,20225,2022,10,149,13,14,"SW",2,20221021,815,20,16.165,17.385,16.165,17.385,4013.815,7357.627,4014.758,7357.561,16.43981,16.44398,33.47766,33.48218,7.81,7.80655,15,228,334.26
"5985",20225150,20225,2022,10,150,12,21,"SW",2,20221021,951,15,9.15,9.15,8.235,9.15,4018.476,7358.172,4017.426,7358.313,16.14446,16.26156,33.404,33.48959,7.37543,7.38836,15,71,97.56
"5986",20225151,20225,2022,10,151,15,1,"SW",2,20221021,1145,15,9.76,8.235,8.235,9.76,4009.568,7400.73,4009.88,7400.968,16.44528,16.16712,33.51962,33.49611,7.4834,7.53137,15,52,77.36
"5987",20232001,20232,2023,4,1,16,6,"SW",1,20230330,733,20,15.25,15.25,14.335,15.555,4000.32,7402.642,3959.357,7402.782,6.91733,6.74864,31.87889,33.0512,10.07704,9.32293,15,332,527.74
"5988",20232002,20232,2023,4,2,15,14,"SW",1,20230330,908,20,7.625,8.845,7.015,8.845,3956.73,7403.791,3955.812,7403.991,6.98631,6.9728,31.92037,32.21233,9.93,9.46512,15,87,119.73
"5989",20232003,20232,2023,4,3,15,21,"SW",1,20230330,1031,20,8.54,7.32,9.15,7.32,3950.901,7404.664,3949.963,7404.876,7.11634,7.28767,31.72793,32.32135,9.88793,9.6075,15,150,224.15
"5990",20232004,20232,2023,4,4,16,19,"SW",1,20230330,1226,20,14.64,12.505,12.505,14.64,3940.991,7405.952,3940.534,7407.053,7.66027,7.17236,31.06588,32.75208,10.08451,9.34312,15,27,44.17
"5991",20232005,20232,2023,4,5,19,9,"SW",1,20230330,1419,20,17.995,17.385,17.385,17.995,3931.203,7411.393,3930.42,7412.119,7.74105,7.20999,31.6626,32.63162,10.14521,9.36743,15,260,392.1
"5992",20232006,20232,2023,4,6,20,29,"SW",1,20230330,1536,20,15.86,18.3,15.86,18.605,3925.937,7409.53,3925.64,7408.289,7.67697,7.28926,32.02583,32.68574,9.93983,9.40667,15,377,553.85
"5993",20232007,20232,2023,4,7,20,40,"SW",1,20230330,1655,20,25.01,24.095,24.095,25.01,3924.428,7402.941,3923.464,7403.151,7.45786,6.83214,33.15803,33.45378,9.51465,8.98351,15,624,873.93
"5994",20232008,20232,2023,4,8,15,53,"SW",1,20230331,840,20,7.32,6.405,5.795,7.32,3918.224,7436.96,3912.395,7437.602,8.42308,8.43671,33.034,33.07589,9.2836,9.18527,15,303,443.95
"5995",20232009,20232,2023,4,9,19,49,"SW",1,20230331,959,20,11.285,14.64,11.285,14.335,3911.656,7436.153,3910.772,7436.658,8.22221,8.13267,33.08295,33.11754,9.52049,9.35842,15,71,220.96
"5996",20232010,20232,2023,4,10,21,4,"SW",1,20230331,1119,20,7.93,6.1,6.405,7.93,3909.083,7439.526,3908.231,7440.116,8.52621,8.39981,32.96952,33.00772,9.29905,9.12719,15,85,127.82
"5997",20232011,20232,2023,4,11,22,12,"SW",1,20230331,1238,20,11.285,12.2,11.285,12.505,3904.516,7442.288,3903.561,7442.394,8.22892,7.83069,32.53639,33.08878,9.62097,8.41622,15,123,186.92
"5998",20232012,20232,2023,4,12,21,12,"SW",1,20230331,1401,20,9.455,8.54,8.54,9.455,3900.977,7445.523,3900.119,7445.523,8.37549,8.33851,32.5114,32.46486,9.70023,9.53716,15,60,82.51
"5999",20232013,20232,2023,4,13,24,25,"SW",2,20230403,717,20,8.235,10.675,8.235,10.675,3852.406,7454.48,3852.466,7453.222,8.64726,8.65222,32.02679,32.01392,9.55925,9.54059,15,3,4.76
"6000",20232014,20232,2023,4,14,25,16,"SW",2,20230403,852,20,12.81,13.42,12.81,13.42,3849.689,7453.568,3849.594,7454.835,8.42724,8.38756,32.51053,32.55171,9.51263,9.39683,15,12,24.57
"6001",20232015,20232,2023,4,15,24,19,"SW",2,20230403,1045,20,7.93,12.81,7.93,12.81,3852.554,7501.715,3853.201,7502.44,9.23225,8.9723,29.46052,30.40582,9.59156,9.23449,15,31,45.31
"6002",20232016,20232,2023,4,16,25,21,"SW",2,20230403,1259,20,12.81,11.895,11.895,12.81,3845.397,7454.94,3845.457,7453.823,9.02665,8.56667,31.84452,32.2472,9.69258,9.43547,15,9,19.38
"6003",20232017,20232,2023,4,17,26,22,"SW",2,20230403,1500,20,24.705,21.35,21.35,24.705,3841.995,7439.996,3841.077,7439.488,8.81619,7.91698,33.08362,34.19254,9.52213,8.71746,15,11,17.11
"6004",20232018,20232,2023,4,18,26,15,"SW",2,20230403,1634,20,28.975,25.01,25.01,28.975,3846.249,7434.095,3846.368,7432.889,8.65489,8.04956,33.80639,34.06558,9.34889,8.99488,15,11,23.14
"6005",20232019,20232,2023,4,19,23,31,"SW",2,20230404,836,20,24.4,23.18,23.18,24.4,3853.689,7432.156,3854.665,7432.441,8.30277,8.02672,32.96194,33.74108,9.37097,9.12015,15,4,7.34
"6006",20232020,20232,2023,4,20,23,21,"SW",2,20230404,957,20,24.095,21.045,21.045,24.4,3858.917,7428.94,3859.907,7429.091,8.34088,8.06423,33.493,33.70038,9.3625,9.18846,15,17,33.54
"6007",20232021,20232,2023,4,21,22,26,"SW",2,20230404,1100,20,15.555,19.215,15.555,19.215,3901.374,7430.929,3902.269,7430.306,8.64594,8.47041,33.19729,33.375,9.50786,9.37244,15,18,28.46
"6008",20232022,20232,2023,4,22,18,25,"SW",2,20230404,1411,20,8.235,7.625,7.625,8.235,3922.185,7421.105,3922.923,7420.267,10.47321,9.4081,32.44558,32.92043,9.22808,9.14606,15,95,144.77
"6009",20232023,20232,2023,4,23,17,59,"SW",2,20230405,1010,20,20.74,22.875,20.74,22.875,3942.996,7359.001,3943.844,7358.414,8.373,7.28004,32.78712,33.39113,9.30932,8.92,15,390,550.84
"6010",20232025,20232,2023,4,25,17,14,"SW",2,20230405,1445,20,22.875,24.705,22.875,24.705,4009.45,7352.633,4002.497,7352.558,8.02994,7.13518,32.50588,33.77,9.81294,8.72333,15,776,1111.65
"6011",20232026,20232,2023,4,26,14,21,"SW",2,20230405,1706,20,22.875,22.57,22.265,22.875,4010.928,7351.416,4011.893,7351.522,NA,NA,NA,NA,NA,NA,15,293,445.74
"6012",20232027,20232,2023,4,27,13,13,"SW",2,20230406,747,20,14.335,16.165,14.335,16.165,4013.32,7358.601,4014.218,7358.141,8.42621,7.90147,28.02477,32.525,9.44449,9.24546,15,160,247.93
"6013",20232028,20232,2023,4,28,12,24,"SW",2,20230406,904,15,11.59,10.675,10.675,11.59,4013.854,7359.334,4014.562,7359.119,8.60038,7.95771,28.0846,31.9913,9.47714,9.1548,15,37,55.05
"6014",20232029,20232,2023,4,29,14,10,"SW",2,20230406,1228,20,19.52,19.215,19.215,19.52,4017.63,7353.772,4018.586,7353.798,8.35985,7.36885,30.97024,33.38067,9.75902,8.70721,15,670,978.73
"6015",20232030,20232,2023,4,30,13,2,"SW",2,20230406,1434,20,18.605,18.3,18.3,18.605,4027.075,7354.661,4028.036,7354.993,8.67353,7.96241,28.20471,31.79103,9.65165,9.50483,15,8,11.04
"6016",20232031,20232,2023,4,31,12,2,"SW",2,20230406,1556,18,5.49,5.49,5.49,6.1,4028.22,7358.209,4027.593,7357.362,9.15926,8.77083,24.35558,24.8377,9.41,9.2389,15,0,0
"6017",20233032,20233,2023,6,32,16,7,"SW",2,20230601,741,20,16.165,17.69,16.165,17.69,3955.895,7403.181,3954.899,7403.196,16.4144,15.50622,28.74025,31.19877,9.04,8.27397,15,0,0
"6018",20233033,20233,2023,6,33,17,35,"SW",2,20230601,956,20,18.605,19.215,18.605,19.215,3954.639,7358.193,3953.64,7358.22,16.37455,11.23193,30.40205,32.25627,8.91841,5.49133,15,3,1.56
"6019",20233034,20233,2023,6,34,17,44,"SW",2,20230601,1449,20,22.57,22.875,21.96,22.875,3952.03,7353.62,3951.077,7353.334,16.82711,10.42067,30.52278,32.66807,8.83759,6.11067,15,2,2.73
"6020",20233035,20233,2023,6,35,17,54,"SW",2,20230601,1335,20,19.52,20.13,19.52,20.13,3947.164,7358.206,3946.181,7358.271,17.63251,15.55276,29.78581,31.49537,9.12442,8.14171,15,30,15.2
"6021",20233036,20233,2023,6,36,20,9,"SW",2,20230601,1556,20,21.35,23.485,21.35,23.485,3934.712,7401.918,3933.838,7401.412,16.47979,13.92405,32.145,32.37234,8.59941,7.55453,15,3,0.94
"6022",20233037,20233,2023,6,37,20,57,"SW",2,20230601,1829,20,23.79,24.4,23.485,24.4,3919.413,7404.462,3918.39,7404.487,16.50378,13.24211,32.01181,32.69684,8.90806,7.30224,15,1,0.14
"6023",20233038,20233,2023,6,38,19,32,"SW",2,20230602,732,20,16.165,16.775,15.86,16.775,3919.079,7419.315,3918.463,7420.319,16.20669,15.97138,30.88514,31.44268,8.56429,8.17143,15,0,0
"6024",20233039,20233,2023,6,39,19,43,"SW",2,20230602,920,20,14.64,15.25,14.64,15.25,3913.973,7330.329,3912.965,7430.262,16.74218,16.23392,30.98009,31.36608,8.55905,7.67716,15,0,0
"6025",20233040,20233,2023,6,40,22,4,"SW",2,20230602,1113,20,14.03,15.25,14.03,15.25,3909.567,7433.47,3908.619,7433.93,16.80802,16.38276,31.62636,31.76762,8.25227,7.938,15,0,0
"6026",20233041,20233,2023,6,41,18,51,"SW",2,20230602,1241,20,6.71,6.1,6.1,7.015,3912.892,7436.989,3912.128,7437.813,18.60048,17.25736,30.40928,30.70239,8.53459,7.8694,15,0,0
"6027",20233042,20233,2023,6,42,18,55,"SW",2,20230602,1414,20,5.795,7.015,5.795,7.015,3911.351,7438.608,3910.495,7439.282,19.99329,17.62859,30.4919,30.57156,8.62452,7.90109,15,0,0
"6028",20233043,20233,2023,6,43,21,1,"SW",2,20230602,1605,20,7.32,6.1,6.1,7.32,3909.236,7439.898,3908.461,7440.714,19.61415,17.81358,30.45064,30.57835,8.83426,8.27873,15,0,0
"6029",20233044,20233,2023,6,44,22,8,"SW",2,20230602,1727,20,14.335,13.42,13.42,14.64,3906.588,7437.908,3905.601,7437.904,18.53268,16.52888,30.57679,31.36263,8.57607,7.92303,15,0,0
"6030",20233045,20233,2023,6,45,24,2,"SW",2,20230605,638,20,8.845,7.32,7.32,8.845,3854.12,7455.584,3853.371,7454.803,17.95298,18.00611,30.67255,30.74477,7.56118,7.52742,15,0,0
"6031",20233046,20233,2023,6,46,24,37,"SW",2,20230605,830,20,10.065,10.065,7.32,10.065,3850.676,7458.467,3849.876,7457.823,17.41427,17.4104,31.09712,31.09505,7.87746,7.85252,15,0,0
"6032",20233047,20233,2023,6,47,25,22,"SW",2,20230605,1025,20,13.42,14.03,13.115,14.03,3846.057,7454.725,3845.376,7453.777,17.58558,17.36935,31.91566,31.95063,7.89981,7.71254,15,0,0
"6033",20233048,20233,2023,6,48,26,28,"SW",2,20230605,1228,20,17.385,19.215,17.385,19.215,3837.227,7443.501,3837.056,7442.254,16.83961,16.21941,32.21146,32.45245,8.15878,7.95735,15,0,0
"6034",20233049,20233,2023,6,49,26,12,"SW",2,20230605,1428,20,25.315,25.925,25.315,25.925,3846.311,7438.058,3846.494,7439.311,16.72087,15.90391,32.29885,32.61698,8.26423,8.07057,15,0,0
"6035",20233050,20233,2023,6,50,25,25,"SW",2,20230605,1623,20,13.725,14.64,13.725,14.64,3845.455,7446.65,3844.855,7447.635,17.85311,17.04532,32.00029,32.00948,8.05029,7.84338,15,0,0
"6036",20233051,20233,2023,6,51,25,18,"SW",2,20230605,1810,20,11.59,12.81,11.59,12.81,3849.11,7450.544,3848.768,7451.734,17.61025,17.42911,31.59519,31.88113,8.18423,7.89642,15,0,0
"6037",20233052,20233,2023,6,52,21,14,"SW",2,20230606,708,20,7.32,6.71,6.71,7.32,3858.158,7448.045,3858.791,7447.1,17.8266,17.32405,30.97057,31.23111,7.94286,7.63951,15,0,0
"6038",20233053,20233,2023,6,53,22,42,"SW",2,20230606,942,20,17.08,11.895,10.675,17.08,3855.817,7435.15,3856.78,7434.91,16.79159,16.10982,31.92676,32.19934,8.21235,7.88934,15,0,0
"6039",20233054,20233,2023,6,54,23,24,"SW",2,20230606,1047,20,16.165,19.825,16.165,19.825,3856.72,7432.631,3855.947,7433.462,16.87767,15.63994,31.88578,32.55424,8.11511,7.96121,15,0,0
"6040",20233055,20233,2023,6,55,23,29,"SW",2,20230606,1229,20,24.4,23.485,23.485,24.4,3855.563,7424.184,3856.379,7423.495,16.29177,14.61305,31.95,32.91333,8.45227,7.88825,15,0,0
"6041",20233056,20233,2023,6,56,23,15,"SW",2,20230606,1410,20,20.74,25.925,20.74,25.925,3903.857,7423.151,3904.856,7423.088,17.3304,15.71252,31.27419,32.32404,8.46532,8.09212,15,0,0
"6042",20233057,20233,2023,6,57,20,69,"SW",2,20230606,1540,20,17.995,17.385,17.385,17.995,3910.631,7423.82,3911.617,7423.858,17.72046,16.33237,30.73659,31.92387,8.35805,7.9079,15,0,0
"6043",20233058,20233,2023,6,58,19,25,"SW",2,20230606,1746,20,13.115,14.335,13.115,14.335,3921.63,7418.556,3922.292,7417.607,17.76952,16.25643,30.85655,31.9719,8.53655,7.85086,15,0,0
"6044",20233059,20233,2023,6,59,18,16,"SW",2,20230607,713,20,7.32,6.1,6.1,7.32,3924.319,7419.15,3925.13,7418.452,17.29998,16.59392,30.81592,31.47264,8.22959,7.74887,15,0,0
"6045",20233060,20233,2023,6,60,16,25,"SW",2,20230607,1006,20,17.08,16.47,16.47,17.08,3938.701,7404.077,3939.584,7403.548,17.26515,14.5945,30.66485,32.18202,8.55848,7.19615,15,0,0
"6046",20233061,20233,2023,6,61,15,28,"SW",2,20230607,1144,20,8.845,9.76,8.845,9.76,3941.94,7407.27,3942.633,7406.978,17.40113,16.72176,30.43009,30.70128,8.46358,7.66756,15,0,0
"6047",20233062,20233,2023,6,62,15,20,"SW",2,20230607,1326,20,8.845,7.93,7.93,8.845,3949.735,7404.82,3950.735,7404.75,17.73955,17.24449,30.53069,30.74486,8.85103,8.26081,15,0,0
"6048",20233063,20233,2023,6,63,15,11,"SW",2,20230607,1505,20,7.93,7.625,7.625,7.93,3958.285,7403.585,3959.215,7409.376,17.86399,17.10624,30.32324,31.05552,8.83085,8.33103,15,0,0
"6049",20233064,20233,2023,6,64,16,2,"SW",2,20230607,1706,20,14.945,15.555,14.64,15.555,4008.549,7358.885,4009.492,7358.366,17.69475,13.80913,29.63151,31.97403,9.09198,6.27234,15,4,0.44
"6050",20233065,20233,2023,6,65,13,16,"SW",2,20230607,1827,20,17.08,18.3,12.2,18.3,4010.334,7357.016,4011.311,7357.293,17.32252,13.54194,29.9275,32.10405,9.28063,6.68835,15,0,0
"6051",20233066,20233,2023,6,66,14,21,"SW",2,20230608,740,20,22.265,21.045,21.045,22.265,4011.076,7351.392,4012.08,7351.557,16.12553,14.28657,31.76394,32.49057,8.63379,7.83283,15,0,0
"6052",20233067,20233,2023,6,67,12,23,"SW",2,20230608,920,15,9.76,8.845,8.845,9.76,4015.592,7358.882,4016.225,7358.774,17.08324,16.09073,29.68667,30.56298,8.57296,6.47798,15,0,0
"6053",20233068,20233,2023,6,68,14,2,"SW",2,20230608,1132,20,24.705,25.62,24.705,25.62,4026.335,7350.464,4027.299,7350.742,16.79074,11.02671,30.18132,32.60381,8.45737,6.73712,15,26,30.16
"6054",20233069,20233,2023,6,69,13,4,"SW",2,20230608,1350,19,17.385,18.3,17.385,18.3,4025.155,7355.687,4026.049,7355.44,18.44963,14.50455,28.18808,31.87176,9.46883,7.19353,15,3,3.65
"6055",20233070,20233,2023,6,70,12,2,"SW",2,20230608,1531,15,6.1,5.795,5.185,6.1,4028.041,7357.91,4027.45,7357.106,17.64732,15.79795,27.42324,30.60436,8.29122,7.68702,15,0,0
"6056",20234071,20234,2023,8,71,15,5,"SW",2,20230826,706,20,8.845,8.235,8.235,8.845,4005.652,7401.729,4004.699,7402.076,21.0144,17.3799,30.74612,31.44698,5.06353,1.01919,15,0,0
"6057",20234072,20234,2023,8,72,16,10,"SW",2,20230826,939,20,16.47,17.385,16.47,17.385,3951.507,7402.783,3950.492,7402.817,19.17113,15.78206,31.16259,31.92,4.62059,2.26875,15,0,0
"6058",20234073,20234,2023,8,73,15,23,"SW",2,20230826,1121,20,8.235,7.015,7.015,8.235,3948.266,7404.838,3947.283,7404.801,18.93304,16.56642,31.36735,31.75455,4.03858,2.44573,15,0,0
"6059",20234074,20234,2023,8,74,16,14,"SW",2,20230826,1331,20,13.115,13.115,12.505,13.42,3946.732,7403.291,3945.742,7403.224,19.63016,16.33339,31.1738,31.83177,5.2424,2.74278,15,0,0
"6060",20234075,20234,2023,8,75,15,28,"SW",2,20230826,1528,20,11.285,7.625,7.625,11.285,3942.666,7406.918,3941.798,7407.425,22.69872,16.72889,30.77629,31.84429,6.40041,2.51911,15,0,0
"6061",20234076,20234,2023,8,76,19,3,"SW",2,20230826,1748,20,15.25,16.775,15.25,16.775,3937.536,7407.451,3936.533,7407.418,23.5448,16.30013,30.83131,31.98105,7.00131,3.21024,15,0,0
"6062",20234077,20234,2023,8,77,19,24,"SW",2,20230827,651,20,14.03,12.2,12.2,14.03,3920.076,7421.772,3920.679,7420.74,23.24327,18.18056,31.11958,31.81018,6.35972,3.6574,15,0,0
"6063",20234078,20234,2023,8,78,18,33,"SW",2,20230827,925,20,5.795,6.1,5.795,6.1,3920.241,7424.387,3920.016,7425.507,23.35993,21.01628,30.98271,31.35847,6.19678,4.091,15,0,0
"6064",20234079,20234,2023,8,79,18,38,"SW",2,20230827,1249,20,7.625,8.235,7.32,8.235,3919.634,7426.184,3918.974,7427.14,23.87538,21.89882,30.97027,31.20866,5.82649,4.88585,15,0,0
"6065",20234080,20234,2023,8,80,19,28,"SW",2,20230827,1505,20,10.065,10.675,10.065,10.675,3918.446,7426.542,3917.864,7427.558,23.66376,20.01096,31.11984,31.5162,7.2473,4.27465,15,0,0
"6066",20234081,20234,2023,8,81,22,2,"SW",2,20230827,1824,20,12.2,14.64,12.2,14.64,3908.798,7436.593,3908.281,7437.64,23.67416,21.08249,31.4484,31.71624,7.428,5.2466,15,0,0
"6067",20234082,20234,2023,8,82,24,16,"SW",2,20230828,710,20,8.54,7.93,7.93,8.845,3854.262,7455.75,3853.457,7454.973,NA,NA,NA,NA,NA,NA,15,0,0
"6068",20234083,20234,2023,8,83,24,28,"SW",2,20230828,902,20,9.455,9.76,9.455,10.37,3849.777,7457.862,3850.637,7458.423,22.40098,22.20089,31.83796,31.84564,7.17222,6.98111,15,0,0
"6069",20234084,20234,2023,8,84,25,17,"SW",2,20230828,1204,20,11.59,10.675,10.675,11.59,3848.603,7453.825,3848.949,7452.707,22.34097,22.10925,31.86609,31.84889,7.19281,7.00528,15,0,0
"6070",20234085,20234,2023,8,85,25,28,"SW",2,20230828,1416,20,15.25,14.03,14.03,15.25,3844.784,7452.311,3844.739,7451.063,22.54242,19.31994,31.0615,31.93508,7.55025,6.382,15,0,0
"6071",20234086,20234,2023,8,86,26,31,"SW",2,20230828,1742,20,27.45,26.23,26.23,27.45,3834.761,7438.788,3835.081,7439.951,22.97129,13.89171,30.76176,32.53829,7.67294,6.81683,15,0,0
"6072",20234087,20234,2023,8,87,25,1,"SW",2,20230829,725,20,12.2,13.725,12.2,13.725,3854.814,7451.791,3855.089,7450.729,23.13212,23.11096,31.7,31.70354,6.71,6.77438,15,0,0
"6073",20234088,20234,2023,8,88,22,44,"SW",2,20230829,942,20,12.81,13.42,12.81,13.42,3853.606,7444.464,3854.568,7444.377,22.87487,22.22068,31.55125,31.83133,7.06917,6.47717,15,0,0
"6074",20234089,20234,2023,8,89,26,11,"SW",2,20230829,1150,20,22.875,26.535,22.875,26.535,3845.062,7440.833,3845.22,7439.618,23.28468,17.83253,31.42,32.1409,7.3398,6.18921,15,0,0
"6075",20234090,20234,2023,8,90,23,31,"SW",2,20230829,1358,20,22.875,21.96,21.96,22.875,3853.501,7432.205,3854.432,7432.587,22.7554,17.22497,31.63674,32.08648,7.14,4.82282,15,0,0
"6076",20234091,20234,2023,8,91,23,34,"SW",2,20230829,1604,20,21.35,27.755,21.35,27.755,3854.846,7427.755,3854.242,7426.769,23.68907,16.01102,31.68185,32.27233,7.35333,5.51156,15,0,0
"6077",20234092,20234,2023,8,92,22,40,"SW",2,20230829,1816,20,15.555,11.895,11.895,15.555,3855.814,7440.077,3856.786,7440.094,23.21053,23.21101,31.55,31.55891,6.95,6.93613,15,0,0
"6078",20234093,20234,2023,8,93,21,16,"SW",2,20230830,731,20,8.235,6.71,6.71,8.235,3857.281,7449.722,3857.903,7448.705,24.209,NA,31.51111,NA,6.26444,NA,15,0,0
"6079",20234094,20234,2023,8,94,21,1,"SW",2,20230830,1037,20,6.71,6.71,5.795,7.015,3908.462,7440.617,3909.224,7439.842,23.98355,23.66713,31.00184,31.13101,6.96947,6.50174,15,0,0
"6080",20234095,20234,2023,8,95,23,1,"SW",2,20230830,1250,20,17.69,18.3,16.775,18.3,3909.95,7429.838,3909.185,7429.099,24.0762,18.16381,31.499,31.98159,7.1,3.71508,15,0,0
"6081",20234096,20234,2023,8,96,18,14,"SW",2,20230830,1627,20,5.49,9.15,4.88,9.76,3925.304,7418.17,3925.632,7416.989,23.90961,23.34219,30.7,30.84158,7.17195,6.99719,15,0,0
"6082",20234097,20234,2023,9,97,20,50,"SW",2,20230906,814,20,24.4,24.095,24.095,24.4,3921.45,7401.429,3922.422,7401.679,23.45843,15.67707,30.74786,32.3134,7.59571,4.47117,15,0,0
"6083",20234098,20234,2023,9,98,20,51,"SW",2,20230906,937,20,26.84,24.4,24.4,26.84,3921.387,7400.019,3922.373,7359.842,23.39122,15.64481,30.7975,32.34588,7.48094,4.55979,15,0,0
"6084",20234099,20234,2023,9,99,20,27,"SW",2,20230906,1123,20,23.79,24.4,23.79,24.4,3929.601,7355.509,3930.555,7355.235,24.11317,15.19671,30.925,32.30802,7.50167,4.58516,15,0,0
"6085",20234100,20234,2023,9,100,17,58,"SW",2,20230906,1402,20,26.23,25.62,25.62,26.535,3946.169,7351.653,3947.149,7352.026,24.29118,15.86721,30.19837,32.03431,8.73327,2.8981,15,0,0
"6086",20234101,20234,2023,9,101,16,15,"SW",2,20230906,1543,20,18.605,16.775,16.775,18.91,3945.22,7400.358,3946.217,7400.252,25.5012,17.73581,29.809,31.73784,7.688,2.40543,15,0,0
"6087",20234102,20234,2023,9,102,17,22,"SW",2,20230906,1749,20,18.91,19.215,18.91,19.215,3957.784,7401.651,3958.77,7401.478,24.35559,17.72161,29.67944,31.74898,11.1807,1.29417,15,0,0
"6088",20234103,20234,2023,8,103,17,3,"SW",2,20230907,657,20,22.57,19.825,19.825,22.57,4007.183,7352.716,4008.181,7352.875,24.28085,15.26856,29.76447,32.01748,10.08564,1.02115,15,1,0.16
"6089",20234104,20234,2023,9,104,14,19,"SW",2,20230907,853,20,16.165,18.91,16.165,19.52,4010.975,7354.8,4011.926,7354.561,23.18716,17.15836,28.63265,31.718,9.37169,1.24303,15,0,0
"6090",20234105,20234,2023,9,105,14,6,"SW",2,20230907,1044,20,18.91,19.52,18.91,19.52,4021.453,7354.852,4022.366,7354.387,23.69986,18.46535,26.56808,31.75592,9.65697,4.37541,15,0,0
"6091",20234106,20234,2023,9,106,12,5,"SW",2,20230907,1315,15,6.405,4.88,5.49,6.405,4027.573,7359.153,4028.164,7359.356,25.5749,22.02014,26.68365,29.30363,11.73492,6.68308,15,0,0
"6092",20234107,20234,2023,9,107,13,8,"SW",2,20230907,1448,20,15.25,17.995,15.25,17.995,4022.866,7355.31,4021.872,7355.543,25.49046,18.73308,27.03236,31.74885,15.10586,4.82699,15,0,0
"6093",20234108,20234,2023,9,108,13,11,"SW",2,20230907,1646,20,14.03,16.165,14.03,16.165,4015.84,7358.066,4014.842,7358.134,24.31021,19.55492,28.20855,31.50769,13.43336,4.38141,15,0,0
"6094",20234109,20234,2023,9,109,12,23,"SW",2,20230908,747,20,7.625,7.32,7.015,7.625,4011.237,7400.167,4010.268,7400.545,22.15021,19.86042,30.16851,31.34932,5.52035,2.49814,15,0,0
"6095",20235110,20235,2023,10,110,16,2,"SW",2,20231012,728,20,15.86,17.385,15.86,17.385,4008.542,7358.891,4009.446,7358.292,17.37409,18.77103,33.20642,37.70703,6.75431,5.69724,15,0,0
"6096",20235111,20235,2023,10,111,15,8,"SW",2,20231012,908,20,7.625,8.235,7.015,8.235,4033.215,7402.461,4002.234,7402.642,17.74502,18.66999,33.55466,37.26422,6.96295,5.052,15,8,10.38
"6097",20235112,20235,2023,10,112,15,15,"SW",2,20231012,1210,20,7.625,7.625,7.625,7.625,3955.767,7404.003,3954.815,7404.19,18.88928,18.68273,37.04784,37.1379,5.86693,5.74057,15,2,3.14
"6098",20235113,20235,2023,10,113,16,12,"SW",2,20231012,1505,20,15.555,15.25,15.25,15.555,3949.819,7402.791,3948.82,7402.933,18.71757,18.85499,36.41358,37.45578,8.45761,5.57156,15,0,0
"6099",20235114,20235,2023,10,114,15,30,"SW",2,20231012,1742,20,7.93,8.54,7.93,8.54,3940.296,7408.423,NA,NA,18.4956,18.20506,36.54946,36.61836,7.88207,7.02462,15,0,0
"6100",20235115,20235,2023,10,115,18,37,"SW",2,20231013,730,20,6.405,7.93,6.405,7.93,3919.634,7427.416,3918.793,7428.101,18.53549,18.80776,36.37956,36.75023,6.51933,5.55583,15,0,0
"6101",20235116,20235,2023,10,116,18,41,"SW",2,20231013,947,20,7.015,7.625,7.015,7.625,3918.85,7428.697,3918.257,7429.704,18.52072,18.82853,36.19,36.90114,7.0069,5.38678,15,0,0
"6102",20235117,20235,2023,10,117,23,1,"SW",2,20231013,1204,20,18.3,20.435,18.3,20.435,3909.965,7429.856,3909.153,7429.1,18.56489,18.88566,36.26257,38.08698,8.05429,5.56384,15,0,0
"6103",20235118,20235,2023,10,118,21,5,"SW",2,20231013,1356,20,6.405,6.1,5.795,7.015,3907.584,7440.813,3906.637,7441.24,18.81222,18.71634,35.72522,35.87357,7.43326,7.0777,15,0,0
"6104",20235119,20235,2023,10,119,21,15,"SW",2,20231013,1751,18,6.405,7.625,6.405,7.625,3857.775,7449.033,3857.233,7449.888,19.0325,19.01726,35.64882,35.65468,7.79368,7.64484,15,0,0
"6105",20235120,20235,2023,10,120,25,2,"SW",2,20231014,728,20,11.895,12.2,10.98,12.2,3853.326,7453.565,3852.396,7453.077,18.81568,18.82101,35.64375,35.65729,7.83946,7.70558,15,0,0
"6106",20235121,20235,2023,10,121,24,36,"SW",2,20231014,930,20,10.37,9.455,9.455,10.98,3850.688,7458.486,3850.208,7457.321,18.88447,18.91553,36.00189,35.98213,8.32333,8.11149,15,0,0
"6107",20235122,20235,2023,10,122,25,21,"SW",2,20231014,1058,20,14.335,14.945,14.335,14.945,3845.966,7455,3845.544,7453.798,18.78988,18.79887,36.2198,36.33921,8.5604,8.23571,15,0,0
"6108",20235123,20235,2023,10,123,25,34,"SW",2,20231014,1216,20,15.25,17.69,15.25,17.69,3841.89,7449.07,3840.894,7448.927,18.77171,18.95008,36.61857,36.78439,7.92557,7.51227,15,0,0
"6109",20235124,20235,2023,10,124,26,19,"SW",2,20231014,1404,20,25.925,25.62,25.62,25.925,3842.772,7438.9,3843.801,7438.82,18.57615,18.82441,37.34118,37.7472,7.75206,7.0248,15,0,0
"6110",20235125,20235,2023,10,125,26,13,"SW",2,20231014,1522,20,26.23,25.62,25.62,26.23,3844.904,7437.975,3845.798,7437.359,18.49602,18.84053,36.86068,37.804,7.85955,6.74133,15,0,0
"6111",20235126,20235,2023,10,126,23,36,"SW",2,20231014,1659,20,24.4,22.265,22.265,24.4,3851.036,7433.618,3852.013,7433.901,NA,NA,NA,NA,NA,NA,15,0,0
"6112",20235127,20235,2023,10,127,24,4,"SW",2,20231016,730,20,10.065,10.065,10.065,10.065,3855.036,7454.813,3855.219,7453.748,17.38436,17.41546,35.37091,35.37866,7.21909,7.32427,15,0,0
"6113",20235128,20235,2023,10,128,22,33,"SW",2,20231016,1036,20,15.86,14.64,14.64,15.86,3859.135,7435.291,3858.456,7434.373,17.95994,17.95351,36.87,36.86178,7.24943,7.27986,15,0,0
"6114",20235129,20235,2023,10,129,22,34,"SW",2,20231016,1219,20,14.335,10.37,10.37,14.335,3859.684,7433.202,3858.726,7432.909,17.94565,17.93506,36.73125,36.88,7.32687,7.30759,15,0,0
"6115",20235130,20235,2023,10,130,22,25,"SW",2,20231016,1329,20,7.625,18.91,7.625,18.91,3900.987,7432.981,3901.879,7433.476,17.99047,17.94144,36.68278,36.76412,7.40389,7.47147,15,0,0
"6116",20235131,20235,2023,10,131,23,28,"SW",2,20231016,1509,20,26.535,21.96,21.655,26.535,3856.491,7425.697,3855.487,7425.696,18.2415,18.1243,36.9515,37.27364,7.53025,7.23788,15,0,0
"6117",20235132,20235,2023,10,132,19,38,"SW",2,20231017,749,20,13.42,15.25,13.42,15.25,3915.638,7422.295,3916.32,7421.357,17.52821,17.54512,36.51,36.51858,7.39382,7.30013,15,0,0
"6118",20235133,20235,2023,10,133,18,2,"SW",2,20231017,1108,20,7.625,7.32,6.71,7.625,3935.442,7412.21,3936.115,7411.279,16.92346,17.07964,34.88,35.20297,8.47413,7.81835,15,1,1.44
"6119",20235134,20235,2023,10,134,19,3,"SW",2,20231017,1222,20,17.995,17.08,17.08,17.995,3937.002,7407.408,3935.999,7407.48,17.38609,17.68169,35.51604,35.97336,8.06681,6.64392,15,0,0
"6120",20235135,20235,2023,10,135,20,26,"SW",2,20231017,1415,20,21.96,23.485,21.96,23.485,3928.953,7358.287,3928.661,7357.065,17.95958,18.05651,37.22,37.4661,7.68258,7.37093,15,0,0
"6121",20235136,20235,2023,10,136,20,23,"SW",2,20231017,1541,20,21.35,20.13,20.13,21.35,3928.664,7403.475,3927.716,7403.05,18.0101,17.91073,36.95904,37.0732,7.59212,7.2504,15,0,0
"6122",20235137,20235,2023,10,137,20,50,"SW",2,20231017,1703,20,22.875,24.095,22.875,24.095,3922.552,7402.034,3921.604,7401.611,18.05032,17.98502,37.54014,37.69016,7.75,7.47952,15,0,0
"6123",20235138,20235,2023,10,138,19,30,"SW",2,20231018,720,20,12.2,11.59,11.59,12.2,3913.82,7424.372,3919.001,7423.15,16.8194,16.86851,35.90198,36.09711,7.93238,7.72974,15,0,0
"6124",20235139,20235,2023,10,139,16,20,"SW",2,20231018,1106,20,16.775,14.945,14.945,16.775,3940.507,7405.069,3941.36,7404.481,17.00722,17.6302,34.93247,36.40231,8.56806,7.07191,15,0,0
"6125",20235140,20235,2023,10,140,17,65,"SW",2,20231018,1240,20,22.57,23.79,22.57,23.79,3940.553,7357.537,3939.559,7357.193,17.87178,17.8553,36.77333,37.2191,7.98861,7.4295,15,0,0
"6126",20235141,20235,2023,10,141,17,32,"SW",2,20231018,1519,20,21.655,21.655,21.655,22.265,3956.137,7354.032,3956.902,7353.22,17.87271,17.71196,35.66165,37.19358,8.72557,7.29433,15,0,0
"6127",20235142,20235,2023,10,142,17,28,"SW",2,20231018,1702,20,18.3,18.91,18.3,18.91,3955.794,7401.229,3956.76,7401.485,17.3905,17.84829,35.36936,36.82412,8.71091,6.71729,15,0,0
"6128",20235143,20235,2023,10,143,14,21,"SW",2,20231019,736,20,22.875,20.74,20.74,22.875,4011.077,7351.417,4012.082,7351.582,17.01772,17.32445,36.77441,37.72346,7.71529,6.48333,15,0,0
"6129",20235144,20235,2023,10,144,12,21,"SW",2,20231019,927,15,9.15,9.76,8.845,9.76,4017.666,7358.358,4018.419,7358.195,16.99103,17.73167,34.32747,36.05804,7.144,6.03422,15,147,197.65
"6130",20235145,20235,2023,10,145,13,1,"SW",2,20231019,1211,20,19.825,18.3,18.3,19.825,4027.293,7354.793,4028.259,7354.89,16.83258,17.26173,33.22615,37.51917,7.63846,5.1634,15,193,136.72
"6131",20235146,20235,2023,10,146,12,11,"SW",2,20231019,1414,20,6.405,5.795,5.795,6.71,4025.781,7358.194,4026.704,7358.432,16.67174,17.04226,31.38478,34.66165,8.36391,7.2947,15,519,615.27
"6132",20235147,20235,2023,10,147,14,10,"SW",2,20231019,1559,20,20.13,19.825,19.825,20.13,4019.017,7353.807,4018.047,7353.722,16.71624,17.3495,33.48395,37.66908,8.66026,4.80316,15,173,200.46
"6133",20235148,20235,2023,10,148,15,15,"SW",2,20231019,1740,20,14.335,15.25,14.335,15.25,4011.727,7358.515,4010.752,7358.723,16.8302,17.29375,34.05429,36.28038,8.88129,7.46208,15,138,168.34
"6134",20241001,20241,2024,1,1,15,8,"SW",1,20240124,720,20,7.93,8.845,7.93,8.845,4003.129,7402.493,4002.141,7402.682,5.21706,5.88158,33.38412,34.81734,9.95603,9.64013,15,0,0
"6135",20241002,20241,2024,1,2,17,29,"SW",1,20240124,849,20,20.74,18.605,18.605,20.74,3957.315,7358.566,3956.443,7359.252,5.53492,6.0829,34.92,35.2822,10.06302,9.50495,15,3,5.57
"6136",20241003,20241,2024,1,3,15,20,"SW",1,20240124,1021,20,7.93,8.235,7.93,8.235,3950.925,7404.749,3949.922,7404.844,5.16242,5.40179,30.91342,34.58426,10.55658,9.87794,15,0,0
"6137",20241004,20241,2024,1,4,16,15,"SW",1,20240124,1146,20,16.775,19.52,16.775,19.52,3946.008,7400.246,3945.041,7400.277,5.52256,6.05812,34.85118,35.2158,10.14206,9.48216,15,0,0
"6138",20241005,20241,2024,1,5,19,21,"SW",1,20240124,1520,20,11.285,13.42,11.285,13.725,3923.571,7414.074,3922.825,7417.951,5.26084,5.1066,33.86474,34.37674,10.22825,9.56129,15,0,0
"6139",20241006,20241,2024,1,6,18,25,"SW",1,20240124,1639,20,7.625,9.15,7.625,9.455,3923.028,7420.109,3922.254,7420.947,4.43186,4.45321,33.57054,33.81372,10.42919,9.86388,15,0,0
"6140",20241007,20241,2024,1,7,18,43,"SW",1,20240125,746,20,7.625,8.235,7.625,8.235,3919.087,7427.368,3918.605,7428.449,4.76827,4.79519,33.81,33.83674,10.20911,9.88483,15,0,0
"6141",20241008,20241,2024,1,8,23,1,"SW",1,20240125,941,20,18.91,19.825,18.3,19.825,3910.245,7429.88,3909.357,7429.104,5.77619,5.84849,34.9275,35.09918,10.06971,9.51694,15,7,6.58
"6142",20241009,20241,2024,1,9,22,17,"SW",1,20240125,1113,20,15.25,16.775,15.25,16.775,3904.592,7431.324,3904.124,7432.425,6.22832,6.47513,35.34355,35.70693,9.96935,9.5844,15,14,17.15
"6143",20241010,20241,2024,1,10,23,35,"SW",1,20240125,1333,20,18.3,25.925,18.3,25.925,3852.413,7434.073,3851.525,7434.609,5.40173,6.69593,32.93286,35.89071,10.32122,9.375,15,39,47.66
"6144",20241011,20241,2024,1,11,25,13,"SW",1,20240125,1450,20,15.25,16.165,15.25,16.165,3843.431,7437.05,3847.643,7436.189,5.45116,6.43931,32.20855,35.66295,10.35855,9.48984,15,78,104.72
"6145",20241012,20241,2024,1,12,26,18,"SW",1,20240125,1620,20,23.18,24.4,23.18,24.4,3843.697,7440.31,3843.164,7441.433,5.3053,7.03442,32.18163,35.93,10.34651,9.35115,15,113,144.61
"6146",20241013,20241,2024,1,13,25,14,"SW",1,20240126,804,20,10.065,8.235,8.235,10.065,3854.328,7455.659,3853.526,7454.855,5.22532,5.22054,33.31,33.33271,10.05071,9.53881,15,0,0
"6147",20241014,20241,2024,1,14,24,29,"SW",1,20240126,935,20,10.675,11.895,10.675,11.895,3850.555,7458.146,3849.999,7457.011,5.62166,5.61997,33.21,33.28051,9.93106,9.53415,15,0,0
"6148",20241015,20241,2024,1,15,26,3,"SW",1,20240126,1146,20,16.165,20.74,16.165,20.74,3847.852,7500.153,3847.108,7458.976,NA,5.86961,NA,33.97317,NA,9.59024,15,0,0
"6149",20241016,20241,2024,1,16,25,24,"SW",1,20240126,1326,20,15.25,15.86,15.25,15.86,3846.782,7448.361,3847.459,7449.354,6.05094,6.04761,32.1302,34.85551,10.18449,9.40347,15,5,6.24
"6150",20241017,20241,2024,1,17,22,31,"SW",1,20240126,1603,20,11.895,12.505,11.895,12.505,3858.46,7439.304,3859.491,7439.177,5.78327,5.71,34.33225,34.98897,10.52535,10.04612,15,0,0
"6151",20241018,20241,2024,1,18,21,9,"SW",1,20240127,833,20,8.845,7.015,7.015,8.845,3902.771,7444.573,3903.586,7443.886,5.69928,5.76516,34.09609,34.22716,10.4438,9.78405,15,0,0
"6152",20241019,20241,2024,1,19,21,8,"SW",1,20240127,943,20,7.625,8.845,7.625,8.845,3903.618,7443.926,3904.366,7443.101,5.80138,5.82515,34.03,34.17771,10.30654,9.7171,15,0,0
"6153",20241020,20241,2024,1,20,19,48,"SW",1,20240127,1259,20,17.69,17.995,17.69,17.995,3913.686,7420.16,3914.72,7420.15,5.59325,5.72012,34.17321,34.89311,10.24393,9.51658,15,16,20.32
"6154",20241021,20241,2024,1,21,20,42,"SW",1,20240127,1602,20,24.4,22.875,22.875,24.4,3923.608,7359.325,3924.562,7359.756,6.34579,6.2949,35.04,35.28,10.13077,9.4359,15,25,34.16
"6155",20241022,20241,2024,1,22,20,4,"SW",1,20240130,1045,20,25.315,25.925,25.315,25.925,3935.782,7357.86,3936.743,7357.576,6.72203,6.79508,35.58103,35.6786,9.72897,9.5494,15,20,28.92
"6156",20241024,20241,2024,1,24,17,58,"SW",1,20240130,1531,20,24.4,24.705,24.4,24.705,3946.982,7351.877,3945.988,7351.522,7.00016,7.02962,34.42367,35.82919,9.66571,9.40108,15,25,36.44
"6157",20241025,20241,2024,1,25,14,20,"SW",1,20240131,804,20,21.35,18.3,18.3,21.35,4010.857,7353.883,4011.801,7353.738,5.42058,6.55491,29.35367,35.37818,10.10683,9.60886,15,5,7.26
"6158",20241026,20241,2024,1,26,13,10,"SW",1,20240131,945,20,19.215,17.69,17.69,19.215,4018.428,7355.295,4019.443,7355.334,5.07596,6.79813,27.7972,35.39117,10.0436,9.1885,15,0,0
"6159",20241027,20241,2024,1,27,13,5,"SW",1,20240131,1107,15,13.115,12.2,11.59,13.115,4023.241,7357.191,4023.947,7356.93,4.84596,6.72633,23.94043,34.43426,10.52174,9.12852,15,0,0
"6160",20241028,20241,2024,1,28,12,10,"SW",1,20240131,1227,20,6.405,6.71,5.795,7.015,4026.771,7358.3,4025.86,7357.792,4.73724,5.98461,23.81828,31.92224,10.47724,9.4397,15,0,0
"6161",20241029,20241,2024,1,29,14,8,"SW",1,20240131,1405,20,21.35,26.84,18.3,27.45,4020.982,7351.859,4020.025,7351.639,5.98302,6.59947,33.45875,35.3195,9.84071,9.31175,15,1,1.7
"6162",20241030,20241,2024,1,30,12,25,"SW",1,20240131,1604,15,8.845,9.455,8.54,9.455,4013.197,7359.613,4012.488,7359.809,5.31084,6.45265,29.10018,34.4751,10.12582,8.91481,15,1,0.05
"6163",20241031,20241,2024,2,31,16,5,"SW",1,20240201,738,20,17.69,17.08,16.47,17.69,4001.466,7402.096,4000.473,7402.318,5.49013,6.22808,31.77308,34.23673,10.07282,9.53231,15,0,0
"6164",20242032,20242,2024,4,32,17,18,"SW",2,20240406,719,20,23.485,19.825,19.825,23.485,4002.035,7357.098,4001.042,7357.205,7.33533,7.26016,26.17452,29.3756,9.73524,9.2752,15,6,12.97
"6165",20242033,20242,2024,4,33,15,13,"SW",2,20240406,844,20,8.54,9.15,8.54,9.15,3958.83,7403.466,3957.89,7403.621,7.51659,7.51115,27.64103,28.04703,9.52621,9.27743,15,0,0
"6166",20242034,20242,2024,4,34,15,16,"SW",2,20240406,1008,20,7.015,7.93,7.015,7.93,3955.7,7404.018,3954.704,7404.199,7.6196,7.44856,27.64553,28.83984,9.63064,8.92855,15,4,6.16
"6167",20242035,20242,2024,4,35,16,12,"SW",2,20240406,1127,20,14.64,14.03,14.945,14.64,3949.417,7402.911,3948.417,7402.982,7.44077,7.33802,28.41367,29.67854,9.68367,9.39902,15,0,0
"6168",20242036,20242,2024,4,36,15,22,"SW",2,20240406,1250,20,7.015,7.625,6.71,8.235,3948.344,7404.665,3947.393,7404.843,7.57022,7.46728,28.17181,28.91111,9.63422,9.18208,15,1,2.4
"6169",20242037,20242,2024,4,37,16,16,"SW",2,20240406,1403,20,13.115,13.725,13.115,13.725,3944.2,7404.541,3943.279,7404.961,7.84848,7.44159,26.64048,29.31648,9.75714,9.29889,15,4,5.32
"6170",20242038,20242,2024,4,38,19,4,"SW",2,20240406,1530,20,17.08,17.995,17.08,17.995,3936.814,7405.025,3935.922,7405.485,7.66137,7.36542,28.39882,29.8475,9.67686,9.26583,15,2,5.1
"6171",20242039,20242,2024,4,39,20,1,"SW",2,20240406,1637,20,19.52,20.13,19.52,20.13,3935.587,7403.263,3934.829,7404.08,NA,7.37426,NA,29.90263,NA,9.29,15,9,18.14
"6172",20242040,20242,2024,4,40,18,17,"SW",2,20240406,1901,20,8.845,8.54,8.54,8.845,3925.432,7417.769,3924.846,7418.789,7.77282,7.7425,28.38443,28.78479,9.70639,9.32521,15,0,0
"6173",20242041,20242,2024,4,41,19,47,"SW",2,20240407,743,20,17.08,18.3,17.08,18.3,3914.615,7423.324,3913.627,7423.522,7.54693,7.56106,28.81733,29.26071,9.56467,9.25614,15,0,0
"6174",20242042,20242,2024,4,42,23,5,"SW",2,20240407,904,20,23.18,22.57,22.57,23.18,3909.719,7419.996,3908.784,7420.506,7.405,7.44588,30.14361,30.18828,9.59417,9.39759,15,1,2.31
"6175",20242043,20242,2024,4,43,23,13,"SW",2,20240407,1027,20,21.655,16.47,16.47,21.655,3904.74,7426.298,3904.563,7427.561,7.62435,7.56055,29.73541,30.21845,9.62324,9.25702,15,7,9.84
"6176",20242044,20242,2024,4,44,22,34,"SW",2,20240407,1155,20,14.64,13.115,13.115,14.64,3859.696,7433.601,3858.76,7433.152,8.00115,7.72059,29.47746,30.08793,9.76746,9.28724,15,8,13.86
"6177",20242045,20242,2024,4,45,23,41,"SW",2,20240407,1332,20,19.825,21.96,19.825,21.96,3850.001,7432.633,3849.159,7433.3,8.12706,7.76792,30.33222,30.4432,9.5937,9.2598,15,170,287.01
"6178",20242046,20242,2024,4,46,26,30,"SW",2,20240407,1600,20,21.96,18.3,18.3,21.96,3834.545,7440.384,3834.649,7441.674,8.28601,7.76215,30.49116,30.48848,9.57043,9.40087,15,9,10.45
"6179",20242047,20242,2024,4,47,25,27,"SW",2,20240407,1758,20,17.995,18.605,17.995,18.605,3843.159,7453.159,3843.888,7454.108,NA,NA,NA,NA,NA,NA,15,3,3.38
"6180",20242048,20242,2024,4,48,24,8,"SW",2,20240408,723,20,8.235,8.235,7.93,9.15,3854.536,7456.354,3853.884,7455.443,8.17957,8.1996,28.98587,28.98267,9.62543,9.44149,15,2,3.26
"6181",20242049,20242,2024,4,49,25,6,"SW",2,20240408,830,20,9.15,10.675,9.15,10.675,3852.756,7453.221,3851.868,7452.759,8.1569,8.15013,29.12719,29.13012,9.75382,9.43595,15,2,3.74
"6182",20242050,20242,2024,4,50,24,38,"SW",2,20240408,951,20,10.37,11.59,10.37,11.59,3850.58,7458.116,3850.025,7457.016,8.25024,8.20985,29.30621,29.32417,9.83276,9.65404,15,1,1.58
"6183",20242051,20242,2024,4,51,25,22,"SW",2,20240408,1104,20,12.2,13.42,12.2,13.42,3845.902,7454.609,3845.345,7453.476,8.4524,8.17919,29.19778,29.48802,9.868,9.64438,15,0,0
"6184",20242052,20242,2024,4,52,26,10,"SW",2,20240408,1241,20,21.96,18.3,18.3,21.96,3846.385,7442.739,3847.303,7442.358,8.41603,7.92721,29.92389,29.91081,9.87417,9.62071,15,6,16.23
"6185",20242053,20242,2024,4,53,22,21,"SW",2,20240408,1456,20,10.98,10.675,10.675,11.285,3900.399,7441.013,3901.27,7441.589,8.87069,8.00898,29.15966,29.32161,10.32746,9.73699,15,0,0
"6186",20242054,20242,2024,4,54,21,7,"SW",2,20240408,1628,20,7.93,7.625,7.625,7.93,3904.873,7442.538,3904.035,7443.291,8.69864,8.42583,28.94344,28.97205,10.11267,9.8778,15,6,5.84
"6187",20242055,20242,2024,4,55,21,11,"SW",2,20240408,1819,20,8.54,10.675,8.54,10.675,3902.212,7445.1,3901.25,7445.345,8.69411,8.0519,28.98821,29.05847,10.32643,9.89122,15,1,1.71
"6188",20242056,20242,2024,4,56,22,17,"SW",2,20240409,853,20,17.385,17.69,17.385,17.69,3904.099,7432.425,3904.702,7431.404,8.56692,7.70123,28.944,29.84181,10.13633,9.30095,15,0,0
"6189",20242057,20242,2024,4,57,18,54,"SW",2,20240409,1038,20,8.845,7.625,7.625,8.845,3910.656,7439.098,3911.454,7438.391,8.67056,7.88636,28.92907,29.33122,10.08488,8.62504,15,0,0
"6190",20242058,20242,2024,4,58,19,51,"SW",2,20240409,1202,20,18.605,15.25,15.25,18.605,3911.267,7431.862,3912.258,7432.1,8.65967,7.70244,28.70455,29.61792,10.4103,9.24333,15,0,0
"6191",20242059,20242,2024,4,59,18,19,"SW",2,20240409,1416,20,5.795,8.235,5.49,8.235,3922.453,7421.286,3923.052,7420.248,9.2354,7.87924,28.27825,28.82089,10.18689,9.29363,15,2,1.97
"6192",20242060,20242,2024,4,60,20,40,"SW",2,20240409,1628,20,23.485,24.095,23.485,24.095,3923.797,7403.302,3924.768,7402.906,9.57094,7.40206,29.71952,30.952,9.98516,9.4287,15,4,7.78
"6193",20242061,20242,2024,4,61,20,50,"SW",2,20240409,1738,20,23.485,24.705,23.485,24.705,3922.611,7401.94,3921.691,7401.439,8.77682,7.42613,30.20932,31.10433,10.14384,9.43404,15,8,21.18
"6194",20242062,20242,2024,4,62,16,8,"SW",2,20240410,1127,20,17.385,18.3,17.385,18.3,3953.143,7403.464,3954.086,7403.006,8.83137,7.41524,27.24791,29.60023,10.16078,8.69,15,14,19.64
"6195",20242063,20242,2024,4,63,17,40,"SW",2,20240410,1328,20,25.62,24.095,24.095,25.62,3953.161,7348.845,3953.945,7349.65,8.90928,7.15414,28.21539,30.94762,10.17145,9.28175,15,34,56.65
"6196",20242064,20242,2024,4,64,17,7,"SW",2,20240410,1541,20,21.045,21.045,20.74,21.045,4005.931,7353.931,4006.918,7354.133,9.25003,7.01562,26.67299,30.97818,9.88019,9.06717,15,20,37.47
"6197",20242065,20242,2024,4,65,12,24,"SW",2,20240410,1720,20,11.285,10.98,10.675,11.285,4019.927,7359.294,4014.837,7359.045,9.34712,7.17253,27.07281,30.48992,9.28386,8.13627,15,31,24.72
"6198",20242066,20242,2024,4,66,13,13,"SW",2,20240410,1852,20,16.47,14.945,14.945,16.47,4014.334,7358.198,4013.378,7358.592,9.4811,7.11643,26.72313,30.55612,9.65229,8.41939,15,6,9.08
"6199",20242067,20242,2024,4,67,14,12,"SW",2,20240411,756,20,19.215,20.435,19.215,20.435,4016.324,7354.684,4017.214,7354.092,8.50897,7.07968,26.5,30.6427,9.71961,8.82297,15,11,20.23
"6200",20242068,20242,2024,4,68,14,3,"SW",2,20240411,921,20,18.91,19.825,18.91,19.825,4023.242,7354.496,4022.24,7354.45,8.93215,7.05059,25.07037,30.58205,9.85352,8.98341,15,7,11.52
"6201",20242069,20242,2024,4,69,12,7,"SW",2,20240411,1026,20,6.71,7.32,6.71,8.235,4026.122,7357.538,4027.078,7357.209,8.83092,8.56649,24.98339,27.00862,9.88935,9.23615,15,5,7.08
"6202",20242070,20242,2024,4,70,13,2,"SW",2,20240411,1133,20,19.215,19.215,19.215,19.215,4028.196,7355.027,4027.192,7354.813,8.51186,7.01586,26.07815,30.574,9.80293,9.1108,15,11,12.22
"6203",20243071,20243,2024,6,71,16,4,"SW",2,20240530,633,20,16.165,16.775,16.165,16.775,4004.223,7401.407,4003.174,7401.558,17.88869,10.47285,27.92161,30.47029,9.31726,6.56779,15,3,0.27
"6204",20243072,20243,2024,5,72,15,8,"SW",2,20240530,812,20,7.93,7.625,7.32,7.93,4003.453,7402.335,NA,NA,17.94518,10.91918,28.12333,30.35096,9.22923,6.09325,15,0,0
"6205",20243073,20243,2024,6,73,15,19,"SW",2,20240530,1006,20,7.015,7.015,5.795,7.32,3952.36,7404.569,3951.385,7404.641,15.46169,11.93552,29.81031,30.25057,8.845,7.25467,15,1,1.94
"6206",20243074,20243,2024,5,74,16,12,"SW",2,20240530,1138,20,14.64,15.25,14.64,15.25,3949.09,7433,3948.115,7402.86,15.66532,11.39738,29.88045,30.58212,8.75803,7.74135,15,0,0
"6207",20243075,20243,2024,5,75,15,28,"SW",2,20240530,1305,20,10.065,10.065,8.845,9.455,3943.495,7406.605,3942.581,7407.069,17.51818,11.88617,27.83485,30.59604,7.75515,7.74066,15,0,0
"6208",20243076,20243,2024,5,76,16,23,"SW",2,20240530,1441,20,13.42,15.86,13.42,15.86,3939.095,7407.246,3933.303,7406.579,15.96505,11.45448,29.83833,30.72,8.58524,8.18047,15,0,0
"6209",20243077,20243,2024,5,77,19,9,"SW",2,20240530,1619,20,17.69,16.165,16.165,17.69,3931.135,7411.464,3930.364,7412.246,17.06458,11.35663,29.57923,30.75891,8.71677,8.17412,15,0,0
"6210",20243078,20243,2024,6,78,19,18,"SW",2,20240530,1733,20,12.81,15.25,12.81,15.25,3926.539,7413.195,3925.539,7413.112,17.13585,11.61216,29.71394,30.7277,8.81091,8.53892,15,1,0.08
"6211",20243079,20243,2024,5,79,18,17,"SW",2,20240530,1845,20,7.32,6.71,5.795,7.32,3925.451,7417.747,3924.785,7418.751,16.43196,12.34229,29.70281,30.49988,8.50982,8.18286,15,0,0
"6212",20243080,20243,2024,5,80,18,42,"SW",2,20240531,634,20,7.32,7.93,6.71,7.93,3918.756,7427.709,3918.393,7428.936,15.89368,14.03655,29.34058,30.40017,8.75439,8.75207,15,0,0
"6213",20243081,20243,2024,5,81,19,51,"SW",2,20240531,809,20,15.555,16.47,15.555,16.47,3912.288,7432.061,3911.279,7431.998,16.79674,11.50688,29.83,31.00124,8.93923,8.69914,15,0,0
"6214",20243082,20243,2024,5,82,23,1,"SW",2,20240531,919,20,17.69,16.775,16.775,17.69,3910.09,7430.055,3909.296,7429.275,17.02208,11.10711,29.76132,31.15847,8.93075,8.91444,15,0,0
"6215",20243083,20243,2024,5,83,22,1,"SW",2,20240531,1050,20,14.03,11.59,11.59,14.03,3907.984,7438.056,3907.822,7439.329,16.73,12.65149,29.86,30.55537,8.88419,8.19299,15,0,0
"6216",20243084,20243,2024,5,84,21,6,"SW",2,20240531,1244,20,8.54,7.32,5.49,8.54,3907.829,7440.812,3906.856,7441.165,16.0233,13.46449,30.03419,30.3199,8.75023,8.30602,15,0,0
"6217",20243085,20243,2024,5,85,21,14,"SW",2,20240531,1434,20,6.71,7.625,6.405,7.625,3859.022,7446.955,3858.299,7447.865,17.39421,16.34692,29.94588,30.01924,8.88235,8.75671,15,0,0
"6218",20243086,20243,2024,5,86,22,35,"SW",2,20240531,1624,20,10.98,12.81,10.98,12.81,3855.569,7448.355,3854.916,7449.386,17.56756,13.59544,29.85,30.49647,8.8662,9.17125,15,0,0
"6219",20243087,20243,2024,5,87,25,4,"SW",2,20240531,1733,20,13.115,12.2,12.2,13.115,3852.969,7448.971,3853.355,7447.738,17.52632,13.27412,29.87698,30.6216,8.84585,9.04368,15,0,0
"6220",20243088,20243,2024,5,88,24,31,"SW",2,20240531,1905,20,8.54,7.32,7.32,8.54,3851.475,7454.336,3851.456,7455.535,16.47098,16.49706,30.08,30.05513,8.84935,8.69077,15,0,0
"6221",20243089,20243,2024,6,89,24,9,"SW",2,20240601,741,20,8.845,8.845,6.405,8.845,3854.111,7455.24,3853.164,7454.696,16.13776,16.14006,29.97,29.94934,8.58122,8.56684,15,0,0
"6222",20243090,20243,2024,6,90,25,24,"SW",2,20240601,934,20,14.945,14.335,14.335,14.945,3847.48,7449.266,3846.695,7448.507,16.72667,13.06236,29.91938,30.666,8.8525,8.82073,15,0,0
"6223",20243091,20243,2024,6,91,25,20,"SW",2,20240601,1058,20,14.03,15.25,14.03,15.25,3849.265,7447.549,3849.509,7446.327,16.78037,12.94208,29.91923,30.71359,8.894,9.00244,15,0,0
"6224",20243092,20243,2024,6,92,26,4,"SW",2,20240601,1207,20,18.91,20.435,18.91,20.435,3849.077,7445.457,3849.685,7444.213,16.98206,12.08743,29.82232,30.96409,9.00768,8.86803,15,2,1.9
"6225",20243093,20243,2024,6,93,26,18,"SW",2,20240601,1348,20,24.4,24.095,24.095,24.4,3833.246,7441.491,3843.761,7440.357,17.71177,11.50703,29.63814,31.14367,8.98814,8.9698,15,0,0
"6226",20243094,20243,2024,6,94,23,41,"SW",2,20240601,1518,20,21.35,26.23,21.35,26.23,3848.428,7433.517,3849.384,7433.017,17.95421,11.4044,30.02643,31.16907,9.10875,9.27581,15,0,0
"6227",20243095,20243,2024,6,95,23,25,"SW",2,20240601,1647,20,23.18,24.705,23.18,24.705,3856.082,7431.209,3856.751,7430.201,17.71238,10.77369,30.18909,31.22431,8.98489,9.08412,15,0,0
"6228",20243096,20243,2024,6,96,22,18,"SW",2,20240601,1825,20,17.69,17.08,17.08,17.69,3904.091,7432.569,3904.65,7431.474,18.57264,12.0438,29.62,30.70136,8.88718,8.9216,15,0,0
"6229",20243097,20243,2024,6,97,18,43,"SW",2,20240602,637,20,7.625,7.93,7.625,7.93,3919.115,7427.069,3918.69,7428.183,17.04495,13.11735,29.67986,30.44587,8.3037,8.43131,15,0,0
"6230",20243098,20243,2024,6,98,20,52,"SW",2,20240602,835,20,17.08,16.165,16.165,17.08,3919.013,7414.603,3919.96,7414.144,17.39981,11.474,29.63792,30.75059,8.4534,8.05356,15,0,0
"6231",20243099,20243,2024,6,99,20,57,"SW",2,20240602,1018,20,22.265,22.57,22.265,22.57,3918.915,7404.315,3919.976,7404.207,17.87704,10.54319,29.43,31.15725,8.49078,8.28188,15,0,0
"6232",20243100,20243,2024,6,100,20,22,"SW",2,20240602,1152,20,19.52,20.13,19.52,20.13,3928.071,7405.622,3929.103,7405.503,17.24891,11.44725,29.69,30.78922,8.43182,8.33281,15,0,0
"6233",20243101,20243,2024,6,101,17,60,"SW",2,20240602,1419,20,22.875,21.655,21.655,22.875,3943.138,7356.585,3943.85,7357.522,18.07077,10.15172,29.47,30.97488,8.40583,7.5986,15,0,0
"6234",20243102,20243,2024,6,102,17,46,"SW",2,20240602,1600,20,25.925,26.84,25.925,26.84,3949.914,7349.351,3950.885,7349.384,17.78262,10.61532,29.79979,30.83027,8.59729,8.37865,15,0,0
"6235",20243103,20243,2024,6,103,17,17,"SW",2,20240602,1822,20,21.655,22.57,21.655,22.57,4001.085,7358.387,4002.044,7358.424,18.64305,10.36232,28.59,29.6116,8.67627,6.8464,15,0,0
"6236",20243104,20243,2024,6,104,13,13,"SW",2,20240603,700,20,14.64,15.86,14.64,15.86,4013.44,7358.553,4014.394,7358.078,17.12513,10.48346,29.00174,30.58284,8.27819,5.31814,15,0,0
"6237",20243105,20243,2024,6,105,12,24,"SW",2,20240603,825,20,10.98,10.675,10.675,10.98,4018.918,7359.307,4014.881,7359.036,15.03472,10.89614,29.41939,30.45444,7.04795,4.44883,15,0,0
"6238",20243106,20243,2024,6,106,14,14,"SW",2,20240603,1029,20,23.18,22.265,22.265,23.18,4016.779,7351.721,4017.744,7352.068,18.78609,8.8386,28.62556,30.9249,8.91815,6.80688,15,0,0
"6239",20243107,20243,2024,6,107,14,4,"SW",2,20240603,1151,15,21.96,20.74,20.74,21.96,4021.82,7352.588,4022.499,7352.308,19.47022,8.90948,27.67302,31.08755,9.56365,6.09827,15,0,0
"6240",20243108,20243,2024,6,108,12,14,"SW",2,20240603,1322,18,7.015,7.32,7.015,7.32,4024.369,7357.893,4025.095,7357.341,18.6079,14.18938,26.3461,29.15751,10.52347,7.40742,15,0,0
"6241",20243109,20243,2024,6,109,13,2,"SW",2,20240603,1525,20,19.52,17.69,17.69,19.52,4027.302,7354.805,4028.254,7355.114,19.69468,9.6133,25.56451,30.86164,10.40758,6.92212,15,4,7.58
"6242",20244110,20244,2024,8,110,15,8,"SW",1,20240822,658,20,7.62,8.2296,7.0104,8.2296,4003.415,7402.395,4002.448,7402.616,21.9162,22.2713,28.57,29.86762,6.909,6.85327,15,0,0
"6243",20244111,20244,2024,8,111,15,12,"SW",1,20240822,845,20,9.144,9.4488,8.5344,9.4488,3958.915,7403.33,3957.943,7403.613,21.88297,22.50621,28.54964,29.86828,7.70836,6.28779,15,0,0
"6244",20244112,20244,2024,8,112,16,7,"SW",1,20240822,952,20,16.764,17.3736,16.764,17.3736,3955.884,7403.144,3954.904,7403.174,22.02812,19.2778,28.66968,31.11859,7.59781,4.92685,15,0,0
"6245",20244113,20244,2024,8,113,17,48,"SW",1,20240822,1130,20,20.1168,20.1168,19.812,20.4216,3950.048,7358.626,3949.063,7358.835,22.23167,18.07477,30.61,31.14448,7.51,4.89767,15,0,0
"6246",20244114,20244,2024,8,114,15,24,"SW",1,20240822,1315,20,8.5344,10.0584,8.5344,10.0584,3947.874,7404.779,3946.902,7404.752,22.46592,22.32578,28.8299,29.96024,8.1651,7.68224,15,0,0
"6247",20244115,20244,2024,8,115,16,16,"SW",1,20240822,1500,20,11.2776,9.144,9.144,11.2776,3944.082,7404.584,3943.129,7404.968,22.67945,22.16628,28.98056,30.66373,9.33055,7.13167,15,0,0
"6248",20244116,20244,2024,8,116,16,23,"SW",1,20240822,1757,20,14.6304,13.716,13.716,14.6304,3939.009,7406.771,3938.159,7407.397,22.62428,21.59166,30.20423,30.70014,8.64396,7.3962,15,0,0
"6249",20244117,20244,2024,8,117,18,44,"SW",1,20240823,703,20,7.0104,7.9248,7.0104,7.9248,3918.335,7429.283,3917.652,7430.275,NA,NA,NA,NA,NA,NA,15,0,0
"6250",20244118,20244,2024,8,118,19,45,"SW",1,20240823,852,20,15.5448,16.4592,15.5448,16.4592,3914.827,7427.107,3918.888,7427.469,21.11356,19.80794,30.86,31.03104,7.56587,5.8132,15,0,0
"6251",20244119,20244,2024,8,119,20,71,"SW",1,20240823,1042,20,19.5072,19.812,19.5072,19.812,3911.87,7418.716,3910.872,7418.557,21.66348,13.94226,31.0816,31.57245,8.03576,6.38916,15,0,0
"6252",20244120,20244,2024,8,120,23,14,"SW",1,20240823,1221,20,23.1648,24.384,23.1648,24.384,3904.231,7425.548,3903.213,7425.696,21.93433,12.54378,30.83351,31.62832,7.62579,6.23748,15,0,0
"6253",20244121,20244,2024,8,121,23,17,"SW",1,20240823,1417,20,20.7264,21.6408,20.7264,21.6408,3900.927,7426.115,3900.038,7426.749,22.11002,13.04374,30.97222,31.53385,7.57739,5.98859,15,0,0
"6254",20244122,20244,2024,8,122,23,25,"SW",1,20240823,1534,20,18.8976,21.0312,18.8976,21.0312,3837.094,7429.587,3856.344,7430.432,22.71726,12.80463,30.99067,31.5188,7.65413,5.64546,15,0,0
"6255",20244123,20244,2024,8,123,26,19,"SW",1,20240823,1751,20,24.9936,22.86,22.86,24.9936,3844.405,7438.87,3843.399,7439.123,22.79331,11.86591,30.777,31.60913,7.52275,5.59016,15,0,0
"6256",20244124,20244,2024,8,124,24,15,"SW",1,20240824,703,20,7.9248,8.5344,5.4864,8.8392,3854.168,7455.401,3853.277,7454.851,21.92852,21.92244,29.14552,29.40485,7.11897,7.1741,15,0,0
"6257",20244125,20244,2024,8,125,25,15,"SW",1,20240824,836,20,11.2776,11.5824,11.2776,11.5824,3848.566,7456.396,3849.08,7457.547,20.71834,20.33464,30.85,30.86465,7.26649,7.20982,15,0,0
"6258",20244126,20244,2024,8,126,26,7,"SW",1,20240824,1034,20,24.0792,20.7264,20.1168,24.0792,3847.247,7501.274,3846.9,7500.433,21.37561,20.46469,30.56687,30.60336,7.51525,7.19114,15,0,0
"6259",20244127,20244,2024,8,127,24,34,"SW",1,20240824,1217,20,11.8872,12.192,11.2776,12.192,3849.497,7459.677,3849.041,7458.664,20.00554,19.99723,30.71577,30.71596,7.37577,7.39614,15,0,0
"6260",20244128,20244,2024,8,128,25,29,"SW",1,20240824,1409,20,17.3736,15.24,15.24,17.3736,3844.198,7449.624,3845.144,7449.29,22.10717,17.61012,30.78154,31.2268,7.51226,7.16748,15,0,0
"6261",20244129,20244,2024,8,129,25,20,"SW",1,20240824,1540,20,14.3256,18.288,14.3256,18.288,3849.3,7447.212,3849.452,7445.926,23.02618,18.22371,30.84716,31.07881,7.44794,6.71761,15,0,0
"6262",20244130,20244,2024,8,130,22,46,"SW",1,20240824,1724,20,15.24,12.192,12.192,15.24,3853.804,7441.553,3854.829,7441.585,22.56087,18.92038,30.72063,31.12777,7.58524,6.77238,15,0,0
"6263",20244131,20244,2024,8,131,22,43,"SW",1,20240825,701,20,12.192,11.5824,11.5824,12.192,3853.903,7447.461,3854.718,7446.72,20.55175,20.25311,30.84,30.8668,7.156,7.14505,15,0,0
"6264",20244132,20244,2024,8,132,21,14,"SW",1,20240825,914,20,7.0104,8.2296,6.7056,8.2296,3858.035,7448.229,3858.664,7447.249,21.44711,21.10728,30.74563,30.73614,6.81577,6.73677,15,0,0
"6265",20244133,20244,2024,8,133,21,3,"SW",1,20240825,1159,20,6.096,7.0104,6.096,7.0104,3908.609,7440.861,3809.328,7439.925,22.23769,20.10176,30.75381,30.74911,7.333,4.81299,15,0,0
"6266",20244134,20244,2024,8,134,22,2,"SW",1,20240825,1354,20,14.6304,11.8872,11.8872,14.6304,3908.347,7437.568,3908.781,7436.379,22.6045,18.37836,30.63179,30.81045,7.88655,2.27243,15,0,0
"6267",20244135,20244,2024,8,135,18,22,"SW",1,20240825,1622,20,6.7056,7.9248,6.7056,7.9248,3920.907,7423.135,3921.628,7422.244,22.12172,21.41008,30.67691,30.78608,7.94232,6.68882,15,0,0
"6268",20244136,20244,2024,8,136,18,21,"SW",1,20240826,701,20,7.9248,6.4008,6.4008,7.9248,3922.316,7420.999,3923.033,7420.125,21.29212,20.96763,30.75,30.88211,6.39163,6.08911,15,0,0
"6269",20244137,20244,2024,8,137,19,16,"SW",1,20240826,925,20,12.4968,9.7536,9.7536,12.4968,3926.176,7416.32,3927.139,7416.098,21.55933,20.93867,30.922,30.96438,6.81309,6.25742,15,0,0
"6270",20244138,20244,2024,8,138,20,37,"SW",1,20240826,1140,20,19.2024,19.812,19.2024,19.812,3922.978,7409.466,3923.896,7408.961,22.28341,12.04077,31.0746,31.75866,7.84048,5.96173,15,0,0
"6271",20244139,20244,2024,8,139,20,32,"SW",1,20240826,1306,20,22.86,21.0312,21.0312,22.86,3925.386,7403.544,3926.382,7403.354,22.53543,10.97108,30.97325,31.82571,7.55525,6.55279,15,0,0
"6272",20244140,20244,2024,8,140,19,11,"SW",1,20240826,1424,20,19.812,18.288,18.288,19.812,3930.192,7406.066,3930.602,7407.223,22.68221,14.82085,31.19958,31.50699,7.57,5.28892,15,0,0
"6273",20244141,20244,2024,8,141,17,67,"SW",1,20240826,1757,20,25.908,26.2128,25.908,26.2128,3940.051,7353.836,3940.866,7358.071,22.41774,10.7236,30.85149,31.90328,7.75681,6.73983,15,0,0
"6274",20244142,20244,2024,8,142,17,31,"SW",1,20240826,1722,20,20.4216,19.812,19.812,20.4216,3955.547,7355.651,3956.528,7355.785,22.53956,10.23961,30.6164,32.14266,7.8728,6.41899,15,0,0
"6275",20244143,20244,2024,8,143,14,21,"SW",1,20240827,725,20,21.9456,20.7264,20.7264,21.9456,4010.714,7351.35,4011.715,7351.509,22.36196,10.44992,30.44537,32.27583,8.42118,7.85,15,0,0
"6276",20244144,20244,2024,8,144,13,10,"SW",1,20240827,906,20,17.6784,17.6784,17.6784,17.6784,4018.409,7355.327,4019.411,7355.328,21.98342,12.31431,30.79102,32.07347,8.15143,5.72949,15,0,0
"6277",20244145,20244,2024,8,145,13,8,"SW",1,20240827,1031,20,16.1544,17.9832,14.0208,17.9832,4022.184,7355.539,4028.115,7355.286,22.33626,13.45188,30.63481,31.96154,8.19852,5.84094,15,0,0
"6278",20244146,20244,2024,8,146,14,1,"SW",1,20240827,1148,20,17.9832,22.2504,17.9832,22.2504,4026.575,7353.712,4026.695,7352.404,22.20285,12.3327,27.30026,31.98787,8.4195,5.08077,15,0,0
"6279",20244147,20244,2024,8,147,12,10,"SW",1,20240827,1313,20,5.7912,6.4008,5.4864,6.4008,4027.067,7358.003,4026.121,7357.715,22.75933,22.24647,27.1754,28.36904,8.85873,8.45779,15,0,0
"6280",20244148,20244,2024,8,148,12,20,"SW",1,20240827,1510,16,10.3632,9.7536,8.8392,9.7536,4018.287,7358.305,4017.533,7358.451,23.13285,19.37752,28.51598,30.84039,10.49804,3.66478,15,0,0
